name,environment_grade,environment_score,env_score_gap,social_grade,social_score,social_score_gap,governance_grade,governance_score,governance_score_gap,total_gap
Matrix Service Co,A,589,64.816199376947,BB,390,69.2312925170068,B,277,48.33333333333334,182.38082522728715
Regency Centers Corp,A,575,50.816199376947,BB,372,51.23129251700681,BB,365,54.99078341013825,157.03827530409205
Starbucks Corp,BBB,475,25.31111111111113,BB,385,64.2312925170068,B,295,66.33333333333334,155.87573696145128
Alphabet Inc,B,295,64.16470588235293,BB,362,41.23129251700681,BB,355,44.99078341013825,150.386781809498
Microsoft Corp,AA,715,58.0,BBB,443,20.076923076923094,BB,375,64.99078341013825,143.06770648706134
Newmont Corporation,AA,675,18.0,BB,389,68.2312925170068,BB,355,44.99078341013825,131.22207592714506
PepsiCo Inc,AA,719,62.0,BB,340,19.231292517006807,BB,358,47.99078341013825,129.22207592714506
ANSYS Inc,A,580,55.816199376947,BB,337,16.231292517006807,B,285,56.33333333333334,128.38082522728715
Upwork Inc,B,275,44.16470588235293,B,264,31.061068702290072,B,278,49.33333333333334,124.55910791797635
Trane Technologies PLC,AA,700,43.0,BB,389,68.2312925170068,BB,320,9.990783410138249,121.22207592714506
General Mills Inc,A,585,60.816199376947,BB,326,5.231292517006807,BB,365,54.99078341013825,121.03827530409205
ServiceNow Inc,A,550,25.816199376946997,BB,374,53.23129251700681,BB,350,39.99078341013825,119.03827530409205
LyondellBasell Industries NV,A,587,62.816199376947,BB,352,31.231292517006807,BB,330,19.99078341013825,114.03827530409205
Prologis Inc,A,579,54.816199376947,BB,374,53.23129251700681,BB,315,4.990783410138249,113.03827530409205
Dupont De Nemours Inc,A,550,25.816199376946997,BB,341,20.231292517006807,B,295,66.33333333333334,112.38082522728715
Church & Dwight Co Inc,A,578,53.816199376947,BB,341,20.231292517006807,BB,348,37.99078341013825,112.03827530409205
Achilles Therapeutics PLC,B,230,-0.8352941176470665,B,288,55.06106870229007,B,285,56.33333333333334,110.55910791797635
Sempra Energy,AA,700,43.0,BB,386,65.2312925170068,BB,310,-0.00921658986175089,108.22207592714506
ONEOK Inc,A,581,56.816199376947,BB,326,5.231292517006807,BB,355,44.99078341013825,107.03827530409205
MSCI Inc,A,580,55.816199376947,BB,347,26.231292517006807,BB,335,24.99078341013825,107.03827530409205
Wolverine World Wide Inc,BB,390,43.855072463768124,B,298,65.06106870229007,BB,308,-2.009216589861751,106.90692457619645
Roper Technologies Inc,A,570,45.816199376947,BB,350,29.231292517006807,BB,340,29.99078341013825,105.03827530409205
Waters Corp,B,270,39.16470588235293,B,292,59.06106870229007,B,235,6.333333333333343,104.55910791797635
Perdoceo Education Corp,BB,365,18.855072463768124,B,297,64.06106870229007,B,250,21.333333333333343,104.24947449939154
Danaher Corp,A,530,5.816199376946997,BB,344,23.231292517006807,BB,385,74.99078341013825,104.03827530409205
Mohawk Industries Inc,A,570,45.816199376947,B,298,65.06106870229007,BB,303,-7.009216589861751,103.86805148937532
Eastman Chemical Co,A,583,58.816199376947,BB,365,44.23129251700681,BB,310,-0.00921658986175089,103.03827530409205
Predictive Oncology Inc,B,278,47.16470588235293,B,297,64.06106870229007,B,220,-8.666666666666657,102.55910791797635
Extra Space Storage Inc,A,572,47.816199376947,B,289,56.06106870229007,B,225,-3.666666666666657,100.21060141257041
Clorox Co,A,560,35.816199376947,BB,350,29.231292517006807,BB,345,34.99078341013825,100.03827530409205
Atmos Energy Corp,A,572,47.816199376947,BB,368,47.23129251700681,BB,315,4.990783410138249,100.03827530409205
WW Grainger Inc,B,255,24.164705882352933,BB,385,64.2312925170068,B,240,11.333333333333343,99.72933173269308
Union Pacific Corp,B,290,59.16470588235293,B,257,24.061068702290072,B,245,16.333333333333343,99.55910791797635
Bank of America Corp,B,220,-10.835294117647067,BB,394,73.2312925170068,B,265,36.33333333333334,98.72933173269308
Power Integrations Inc,A,575,50.816199376947,B,285,52.06106870229007,BB,305,-5.009216589861751,97.86805148937532
Catalyst Bancorp Inc,B,260,29.164705882352933,BB,350,29.231292517006807,B,267,38.33333333333334,96.72933173269308
Activision Blizzard Inc,B,280,49.16470588235293,BB,347,26.231292517006807,BB,330,19.99078341013825,95.38678180949799
First Republic Bank,BB,370,23.855072463768124,BB,331,10.231292517006807,B,288,59.33333333333334,93.41969831410827
Marathon Petroleum Corp,AA,700,43.0,BB,366,45.23129251700681,BB,315,4.990783410138249,93.22207592714506
Prudential Financial Inc,B,285,54.16470588235293,BB,300,-20.768707482993193,B,288,59.33333333333334,92.72933173269308
Lightning eMotors Inc,A,535,10.816199376946997,BB,391,70.2312925170068,B,240,11.333333333333343,92.38082522728715
Global Water Resources Inc,BB,367,20.855072463768124,B,297,64.06106870229007,B,235,6.333333333333343,91.24947449939154
PayPal Holdings Inc,BB,370,23.855072463768124,B,244,11.061068702290072,B,285,56.33333333333334,91.24947449939154
Shoals Technologies Group Inc,B,285,54.16470588235293,B,280,47.06106870229007,BB,300,-10.009216589861751,91.21655799478125
Ecolab Inc,A,547,22.816199376946997,BB,373,52.23129251700681,BB,325,14.990783410138249,90.03827530409205
Archer-Daniels-Midland Co,A,587,62.816199376947,BB,353,32.23129251700681,BB,305,-5.009216589861751,90.03827530409205
Tyson Foods Inc,A,530,5.816199376946997,BB,374,53.23129251700681,BB,340,29.99078341013825,89.03827530409205
Hawaiian Electric Industries Inc,A,585,60.816199376947,BB,348,27.231292517006807,BB,310,-0.00921658986175089,88.03827530409205
CH Robinson Worldwide Inc,A,575,50.816199376947,BB,330,9.231292517006807,BB,338,27.99078341013825,88.03827530409205
Adaptive Biotechnologies Corp,B,260,29.164705882352933,BB,348,27.231292517006807,B,260,31.333333333333343,87.72933173269308
Phillips 66,A,569,44.816199376947,BB,363,42.23129251700681,BB,310,-0.00921658986175089,87.03827530409205
United Parcel Service Inc,A,540,15.816199376946997,BB,374,53.23129251700681,B,245,16.333333333333343,85.38082522728715
Abcellera Biologics Inc,A,540,15.816199376946997,BB,354,33.23129251700681,BB,345,34.99078341013825,84.03827530409205
Match Group Inc,B,245,14.164705882352933,BB,389,68.2312925170068,BB,311,0.9907834101382491,83.38678180949799
Apple Inc,BB,355,8.855072463768124,B,281,48.06106870229007,B,255,26.333333333333343,83.24947449939154
Align Technology Inc,B,235,4.1647058823529335,B,285,52.06106870229007,B,255,26.333333333333343,82.55910791797635
Sherwin-Williams Co,B,295,64.16470588235293,B,259,26.061068702290072,B,220,-8.666666666666657,81.55910791797635
Tesla Inc,A,555,30.816199376946997,CCC,160,0.0,B,278,49.33333333333334,80.14953271028034
Progressive Corp,BB,350,3.855072463768124,BB,355,34.23129251700681,B,270,41.33333333333334,79.41969831410827
Fox Corp,B,295,64.16470588235293,BB,330,9.231292517006807,BB,315,4.990783410138249,78.38678180949799
Aehr Test Systems,B,290,59.16470588235293,B,262,29.061068702290072,BB,300,-10.009216589861751,78.21655799478125
Aon PLC,BBB,485,35.31111111111113,BB,304,-16.768707482993193,B,288,59.33333333333334,77.87573696145128
Usio Inc,B,285,54.16470588235293,B,245,12.061068702290072,B,240,11.333333333333343,77.55910791797635
AC Immune SA,B,250,19.164705882352933,B,296,63.06106870229007,BB,305,-5.009216589861751,77.21655799478125
Quanta Services Inc,A,540,15.816199376946997,BB,382,61.23129251700681,BB,310,-0.00921658986175089,77.03827530409205
Ameriprise Financial Inc,BB,396,49.855072463768124,BB,308,-12.768707482993193,B,267,38.33333333333334,75.41969831410827
NetApp Inc,A,545,20.816199376946997,BB,359,38.23129251700681,BB,325,14.990783410138249,74.03827530409205
Ceridian HCM Holding Inc,A,530,5.816199376946997,BB,379,58.23129251700681,BB,320,9.990783410138249,74.03827530409205
Myriad Genetics Inc,BB,353,6.855072463768124,BB,321,0.23129251700680697,B,294,65.33333333333334,72.41969831410827
Verisign Inc,A,548,23.816199376946997,BB,354,33.23129251700681,BB,325,14.990783410138249,72.03827530409205
Fidelity National Information Services Inc,A,530,5.816199376946997,B,298,65.06106870229007,BB,310,-0.00921658986175089,70.86805148937532
Western Digital Corp,A,545,20.816199376946997,BB,339,18.231292517006807,B,260,31.333333333333343,70.38082522728715
Consolidated Edison Inc,AA,700,43.0,BB,358,37.23129251700681,BB,300,-10.009216589861751,70.22207592714506
Biogen Inc,BB,380,33.855072463768124,BB,303,-17.768707482993193,BB,364,53.99078341013825,70.07714839091318
Boston Scientific Corp,A,525,0.8161993769469973,BB,399,78.2312925170068,BB,300,-10.009216589861751,69.03827530409205
Pinnacle Financial Partners Inc,B,271,40.16470588235293,BB,328,7.231292517006807,B,250,21.333333333333343,68.72933173269308
Old Dominion Freight Line Inc,BBB,467,17.31111111111113,BBB,423,0.07692307692309441,B,280,51.33333333333334,68.72136752136757
Constellation Brands Inc,BBB,459,9.311111111111131,BB,313,-7.768707482993193,B,295,66.33333333333334,67.87573696145128
Cincinnati Financial Corp,B,235,4.1647058823529335,B,275,42.06106870229007,B,250,21.333333333333343,67.55910791797635
Xenia Hotels & Resorts Inc,B,260,29.164705882352933,B,263,30.061068702290072,B,236,7.333333333333343,66.55910791797635
Edwards Lifesciences Corp,B,290,59.16470588235293,BB,333,12.231292517006807,BB,305,-5.009216589861751,66.38678180949799
AES Corp,A,525,0.8161993769469973,BB,326,5.231292517006807,BB,370,59.99078341013825,66.03827530409205
Thermo Fisher Scientific Inc,A,527,2.8161993769469973,BB,332,11.231292517006807,B,280,51.33333333333334,65.38082522728715
AMETEK Inc,A,540,15.816199376946997,BB,329,8.231292517006807,B,270,41.33333333333334,65.38082522728715
W R Berkley Corp,BB,360,13.855072463768124,B,294,61.06106870229007,BB,300,-10.009216589861751,64.90692457619645
Alkami Technology Inc,B,280,49.16470588235293,BB,305,-15.768707482993193,B,260,31.333333333333343,64.72933173269308
Adaptimmune Therapeutics PLC,BB,365,18.855072463768124,B,283,50.06106870229007,BB,305,-5.009216589861751,63.906924576196445
Universal Health Services Inc,A,560,35.816199376947,BB,320,-0.768707482993193,BB,338,27.99078341013825,63.03827530409205
Centene Corp,A,548,23.816199376946997,BB,355,34.23129251700681,BB,315,4.990783410138249,63.03827530409205
Agenus Inc,B,290,59.16470588235293,B,245,12.061068702290072,BB,300,-10.009216589861751,61.216557994781255
Paccar Inc,A,568,43.816199376947,BB,343,22.231292517006807,BB,305,-5.009216589861751,61.03827530409205
Ford Motor Co,B,292,61.16470588235293,B,246,13.061068702290072,B,215,-13.666666666666657,60.55910791797635
World Wrestling Entertainment Inc,B,275,44.16470588235293,BB,332,11.231292517006807,BB,315,4.990783410138249,60.38678180949799
FedEx Corp,BB,335,-11.144927536231876,B,278,45.06106870229007,B,255,26.333333333333343,60.24947449939154
American Water Works Company Inc,AA,653,-4.0,BB,395,74.2312925170068,BB,300,-10.009216589861751,60.222075927145056
Amgen Inc,A,575,50.816199376947,BB,312,-8.768707482993193,BB,328,17.99078341013825,60.03827530409205
Ameris Bancorp,B,290,59.16470588235293,BB,300,-20.768707482993193,B,250,21.333333333333343,59.72933173269308
Urogen Pharma Ltd,B,210,-20.835294117647067,B,251,18.061068702290072,B,290,61.33333333333334,58.55910791797635
Hillenbrand Inc,BBB,489,39.31111111111113,BB,349,28.231292517006807,BB,300,-10.009216589861751,57.53318703825619
Pioneer Power Solutions Inc,B,299,68.16470588235293,BB,305,-15.768707482993193,BB,315,4.990783410138249,57.38678180949799
PPG Industries Inc,B,293,62.16470588235293,B,236,3.061068702290072,B,220,-8.666666666666657,56.55910791797635
Sealed Air Corp,A,555,30.816199376946997,BB,318,-2.768707482993193,B,257,28.333333333333343,56.38082522728715
CenterPoint Energy Inc,A,550,25.816199376946997,BB,320,-0.768707482993193,B,260,31.333333333333343,56.38082522728715
EOG Resources Inc,A,550,25.816199376946997,B,252,19.061068702290072,B,240,11.333333333333343,56.21060141257041
Entergy Corp,AA,653,-4.0,BB,380,59.23129251700681,BB,310,-0.00921658986175089,55.222075927145056
AgileThought Inc,BB,340,-6.144927536231876,B,299,66.06106870229007,BB,305,-5.009216589861751,54.906924576196445
Hamilton Beach Brands Holding Co,B,245,14.164705882352933,B,272,39.06106870229007,B,230,1.3333333333333428,54.55910791797635
Mosaic Co,A,515,-9.183800623053003,BB,379,58.23129251700681,BB,315,4.990783410138249,54.03827530409205
CNA Financial Corp,A,540,15.816199376946997,BB,329,8.231292517006807,BB,340,29.99078341013825,54.03827530409205
American Airlines Group Inc,B,270,39.16470588235293,B,211,-21.938931297709928,B,265,36.33333333333334,53.55910791797635
Yeti Holdings Inc,B,269,38.16470588235293,B,253,20.061068702290072,BB,305,-5.009216589861751,53.216557994781255
Pacific Premier Bancorp Inc,A,565,40.816199376947,BB,328,7.231292517006807,BB,315,4.990783410138249,53.03827530409205
Live Nation Entertainment Inc,BBB,492,42.31111111111113,BB,310,-10.768707482993193,B,250,21.333333333333343,52.87573696145128
Weyerhaeuser Co,AA,700,43.0,BB,340,19.231292517006807,BB,300,-10.009216589861751,52.222075927145056
Spotify Technology SA,A,500,-24.183800623053003,B,283,50.06106870229007,B,255,26.333333333333343,52.21060141257041
Air Products and Chemicals Inc,AA,700,43.0,BBB,442,19.076923076923094,BB,300,-10.009216589861751,52.06770648706134
Avery Dennison Corp,A,535,10.816199376946997,BB,347,26.231292517006807,BB,325,14.990783410138249,52.03827530409205
Ameren Corp,A,562,37.816199376947,BB,345,24.231292517006807,BB,300,-10.009216589861751,52.03827530409205
Accolade Inc,B,255,24.164705882352933,B,254,21.061068702290072,B,235,6.333333333333343,51.55910791797635
Republic Services Inc,B,293,62.16470588235293,B,235,2.061068702290072,B,216,-12.666666666666657,51.55910791797635
Agilent Technologies Inc,A,573,48.816199376947,B,231,-1.938931297709928,B,233,4.333333333333343,51.21060141257041
CleanSpark Inc,A,570,45.816199376947,BB,326,5.231292517006807,BB,310,-0.00921658986175089,51.03827530409205
Agrify Corp,A,540,15.816199376946997,BB,361,40.23129251700681,BB,305,-5.009216589861751,51.03827530409205
Allegiant Travel Co,B,287,56.16470588235293,B,208,-24.938931297709928,B,248,19.333333333333343,50.55910791797635
Stryker Corp,BBB,485,35.31111111111113,BB,321,0.23129251700680697,BB,325,14.990783410138249,50.53318703825619
ADMA Biologics Inc,B,240,9.164705882352933,B,264,31.061068702290072,BB,320,9.990783410138249,50.216557994781255
Acer Therapeutics Inc,B,223,-7.8352941176470665,B,291,58.06106870229007,BB,310,-0.00921658986175089,50.216557994781255
Norfolk Southern Corp,BB,358,11.855072463768124,BB,339,18.231292517006807,BB,330,19.99078341013825,50.07714839091318
Target Corp,A,550,25.816199376946997,BB,342,21.231292517006807,BB,313,2.990783410138249,50.03827530409205
Arista Networks Inc,BBB,444,-5.688888888888869,BB,310,-10.768707482993193,B,295,66.33333333333334,49.87573696145128
Aptiv PLC,A,555,30.816199376946997,BB,339,18.231292517006807,BB,310,-0.00921658986175089,49.03827530409205
Deere & Co,A,560,35.816199376947,BB,339,18.231292517006807,BB,305,-5.009216589861751,49.03827530409205
HubSpot Inc,BBB,480,30.31111111111113,BB,329,8.231292517006807,BB,320,9.990783410138249,48.53318703825619
Southwest Airlines Co,B,295,64.16470588235293,BB,314,-6.768707482993193,B,218,-10.666666666666657,46.72933173269308
HBT Financial Inc,B,245,14.164705882352933,B,275,42.06106870229007,BB,300,-10.009216589861751,46.216557994781255
Healthpeak Properties Inc,A,535,10.816199376946997,BB,331,10.231292517006807,BB,335,24.99078341013825,46.03827530409205
MACOM Technology Solutions Holdings Inc,BB,377,30.855072463768124,BB,309,-11.768707482993193,B,255,26.333333333333343,45.419698314108274
Guidewire Software Inc,A,549,24.816199376946997,BB,321,0.23129251700680697,BB,330,19.99078341013825,45.03827530409205
Advantage Solutions Inc,A,515,-9.183800623053003,B,269,36.06106870229007,BB,328,17.99078341013825,44.86805148937532
Monolithic Power Systems Inc,BB,330,-16.144927536231876,B,287,54.06106870229007,B,235,6.333333333333343,44.24947449939154
United States Steel Corp,A,535,10.816199376946997,BB,364,43.23129251700681,BB,300,-10.009216589861751,44.03827530409205
Nucor Corp,BB,374,27.855072463768124,BB,340,19.231292517006807,B,225,-3.666666666666657,43.419698314108274
Alector Inc,B,240,9.164705882352933,B,277,44.06106870229007,BB,300,-10.009216589861751,43.216557994781255
Advance Auto Parts Inc,B,264,33.16470588235293,B,261,28.061068702290072,B,210,-18.666666666666657,42.55910791797635
Honeywell International Inc,A,545,20.816199376946997,BB,344,23.231292517006807,BB,308,-2.009216589861751,42.03827530409205
Blackstone Inc,A,534,9.816199376946997,BB,343,22.231292517006807,BB,320,9.990783410138249,42.03827530409205
Cisco Systems Inc,B,280,49.16470588235293,B,234,1.061068702290072,B,220,-8.666666666666657,41.55910791797635
DTE Energy Co,A,592,67.816199376947,BB,313,-7.768707482993193,B,210,-18.666666666666657,41.38082522728715
Seagate Technology Holdings PLC,A,540,15.816199376946997,BB,355,34.23129251700681,BB,300,-10.009216589861751,40.03827530409205
Maxlinear Inc,A,535,10.816199376946997,BB,325,4.231292517006807,BB,335,24.99078341013825,40.03827530409205
AGNC Investment Corp,BB,382,35.855072463768124,B,242,9.061068702290072,BB,305,-5.009216589861751,39.906924576196445
Scienjoy Holding Corp,B,260,29.164705882352933,BB,320,-0.768707482993193,B,240,11.333333333333343,39.72933173269308
Adagene Inc,B,295,64.16470588235293,BB,301,-19.768707482993193,BB,305,-5.009216589861751,39.38678180949799
Coterra Energy Inc,A,555,30.816199376946997,BB,329,8.231292517006807,BB,310,-0.00921658986175089,39.03827530409205
Hewlett Packard Enterprise Co,B,230,-0.8352941176470665,BB,359,38.23129251700681,B,230,1.3333333333333428,38.72933173269308
ACV Auctions Inc,B,235,4.1647058823529335,B,262,29.061068702290072,BB,315,4.990783410138249,38.216557994781255
UTStarcom Holdings Corp,BB,340,-6.144927536231876,BB,310,-10.768707482993193,BB,365,54.99078341013825,38.07714839091318
Eversource Energy,A,576,51.816199376947,BBB,409,-13.923076923076906,BB,310,-0.00921658986175089,37.88390586400834
Adverum Biotechnologies Inc,B,262,31.164705882352933,BB,321,0.23129251700680697,B,235,6.333333333333343,37.72933173269308
Robert Half International Inc,B,255,24.164705882352933,BB,334,13.231292517006807,BB,310,-0.00921658986175089,37.38678180949799
Hormel Foods Corp,A,570,45.816199376947,BB,322,1.231292517006807,BB,300,-10.009216589861751,37.03827530409205
Allegiance Bancshares Inc,B,298,67.16470588235293,BB,300,-20.768707482993193,BB,300,-10.009216589861751,36.38678180949799
Vornado Realty Trust,A,540,15.816199376946997,BB,326,5.231292517006807,BB,325,14.990783410138249,36.03827530409205
Matterport Inc,BB,346,-0.14492753623187582,BB,325,4.231292517006807,B,260,31.333333333333343,35.419698314108274
Hilton Grand Vacations Inc,BB,305,-41.144927536231876,B,288,55.06106870229007,B,250,21.333333333333343,35.24947449939154
Procter & Gamble Co,A,560,35.816199376947,BBB,422,-0.9230769230769056,BB,310,-0.00921658986175089,34.88390586400834
Aldeyra Therapeutics Inc,B,231,0.16470588235293349,B,261,28.061068702290072,B,235,6.333333333333343,34.55910791797635
Health Catalyst Inc,A,545,20.816199376946997,BB,324,3.231292517006807,BB,320,9.990783410138249,34.03827530409205
Vulcan Materials Co,A,570,45.816199376947,BB,319,-1.768707482993193,BB,300,-10.009216589861751,34.03827530409205
D R Horton Inc,B,250,19.164705882352933,B,271,38.06106870229007,B,205,-23.666666666666657,33.55910791797635
Utah Medical Products Inc,B,240,9.164705882352933,B,236,3.061068702290072,B,250,21.333333333333343,33.55910791797635
Conocophillips,AA,687,30.0,A,544,8.5,BB,305,-5.009216589861751,33.49078341013825
Affirm Holdings Inc,B,225,-5.8352941176470665,BB,335,14.231292517006807,BB,335,24.99078341013825,33.38678180949799
Broadridge Financial Solutions Inc,A,550,25.816199376946997,BB,313,-7.768707482993193,BB,325,14.990783410138249,33.03827530409205
Linde PLC,B,210,-20.835294117647067,B,240,7.061068702290072,B,275,46.33333333333334,32.55910791797635
Allegro Microsystems Inc,A,542,17.816199376946997,BB,314,-6.768707482993193,B,250,21.333333333333343,32.38082522728715
Lennar Corp,BB,363,16.855072463768124,BB,344,23.231292517006807,B,220,-8.666666666666657,31.419698314108274
Martin Marietta Materials Inc,A,573,48.816199376947,BB,313,-7.768707482993193,BB,300,-10.009216589861751,31.038275304092053
Hershey Co,A,525,0.8161993769469973,BB,361,40.23129251700681,BB,300,-10.009216589861751,31.038275304092053
DaVita Inc,B,260,29.164705882352933,BB,332,11.231292517006807,BB,300,-10.009216589861751,30.38678180949799
Xylem Inc,BB,374,27.855072463768124,B,254,21.061068702290072,B,210,-18.666666666666657,30.24947449939154
Fiserv Inc,BB,395,48.855072463768124,BB,302,-18.768707482993193,BB,310,-0.00921658986175089,30.07714839091318
Comerica Inc,B,280,49.16470588235293,BB,300,-20.768707482993193,B,230,1.3333333333333428,29.729331732693083
Cadence Design Systems Inc,A,500,-24.183800623053003,BB,308,-12.768707482993193,B,295,66.33333333333334,29.380825227287147
Westrock Co,A,555,30.816199376946997,BB,324,3.231292517006807,BB,305,-5.009216589861751,29.038275304092053
Arthur J. Gallagher & Co.,A,530,5.816199376946997,BB,344,23.231292517006807,BB,310,-0.00921658986175089,29.038275304092053
Horizon Bancorp Inc,B,255,24.164705882352933,BB,321,0.23129251700680697,B,233,4.333333333333343,28.729331732693083
Akouos Inc,B,205,-25.835294117647067,B,221,-11.938931297709928,B,295,66.33333333333334,28.55910791797635
Bio Rad Laboratories Inc,B,275,44.16470588235293,B,227,-5.938931297709928,BB,300,-10.009216589861751,28.216557994781255
Molecular Templates Inc,BB,360,13.855072463768124,BB,325,4.231292517006807,BB,320,9.990783410138249,28.07714839091318
Enact Holdings Inc,A,540,15.816199376946997,BB,328,7.231292517006807,BB,315,4.990783410138249,28.038275304092053
Akero Therapeutics Inc,B,250,19.164705882352933,B,246,13.061068702290072,BB,305,-5.009216589861751,27.216557994781255
Albemarle Corp,A,545,20.816199376946997,BB,322,1.231292517006807,BB,315,4.990783410138249,27.038275304092053
Calyxt Inc,A,535,10.816199376946997,BB,322,1.231292517006807,BB,325,14.990783410138249,27.038275304092053
Visa Inc,A,504,-20.183800623053003,BB,368,47.23129251700681,BB,310,-0.00921658986175089,27.038275304092053
Siebert Financial Corp,BB,300,-46.144927536231876,B,299,66.06106870229007,B,235,6.333333333333343,26.24947449939154
Antelope Enterprise Holdings Ltd,B,238,7.1647058823529335,B,237,4.061068702290072,BB,325,14.990783410138249,26.216557994781255
Alfi Inc,B,225,-5.8352941176470665,B,260,27.061068702290072,BB,315,4.990783410138249,26.216557994781255
Omnicom Group Inc,A,543,18.816199376946997,BB,333,12.231292517006807,BB,305,-5.009216589861751,26.038275304092053
Enphase Energy Inc,A,565,40.816199376947,BB,316,-4.768707482993193,BB,300,-10.009216589861751,26.038275304092053
Edison International,AA,700,43.0,A,513,-22.5,BB,315,4.990783410138249,25.49078341013825
US Energy Corp,BBB,438,-11.688888888888869,B,265,32.06106870229007,BB,315,4.990783410138249,25.362963223539452
Alnylam Pharmaceuticals Inc,BB,331,-15.144927536231876,BB,346,25.231292517006807,BB,325,14.990783410138249,25.07714839091318
Accenture PLC,A,515,-9.183800623053003,BB,360,39.23129251700681,BB,305,-5.009216589861751,25.038275304092053
Eli Lilly and Co,A,510,-14.183800623053003,BB,360,39.23129251700681,BB,310,-0.00921658986175089,25.038275304092053
Autoscope Technologies Corp,BBB,410,-39.68888888888887,B,286,53.06106870229007,B,240,11.333333333333343,24.705513146734546
Microvast Holdings Inc,B,225,-5.8352941176470665,B,282,49.06106870229007,B,210,-18.666666666666657,24.55910791797635
Avalonbay Communities Inc,A,500,-24.183800623053003,BB,300,-20.768707482993193,B,298,69.33333333333334,24.380825227287147
Allegion PLC,A,542,17.816199376946997,BB,322,1.231292517006807,BB,315,4.990783410138249,24.038275304092053
Powered Brands,B,235,4.1647058823529335,B,231,-1.938931297709928,B,250,21.333333333333343,23.55910791797635
SBA Communications Corp,B,250,19.164705882352933,B,251,18.061068702290072,B,215,-13.666666666666657,23.55910791797635
PRA Group Inc,BBB,473,23.31111111111113,BB,321,0.23129251700680697,BB,310,-0.00921658986175089,23.533187038256187
ZIM Integrated Shipping Services Ltd,BB,329,-17.144927536231876,BB,351,30.231292517006807,BB,320,9.990783410138249,23.07714839091318
Ross Stores Inc,BB,375,28.855072463768124,BB,325,4.231292517006807,BB,300,-10.009216589861751,23.07714839091318
Exelon Corp,AA,694,37.0,BBB,403,-19.923076923076906,BB,316,5.990783410138249,23.067706487061344
Morgan Stanley,A,555,30.816199376946997,BB,303,-17.768707482993193,BB,320,9.990783410138249,23.038275304092053
XPO Logistics Inc,A,560,35.816199376947,BB,318,-2.768707482993193,BB,300,-10.009216589861751,23.038275304092053
Zoetis Inc,A,520,-4.183800623053003,BB,348,27.231292517006807,BB,310,-0.00921658986175089,23.038275304092053
Las Vegas Sands Corp,A,547,22.816199376946997,BB,318,-2.768707482993193,BB,313,2.990783410138249,23.038275304092053
Trimble Inc,A,550,25.816199376946997,BBB,415,-7.923076923076906,BB,315,4.990783410138249,22.88390586400834
Amazon.com Inc,AA,668,11.0,BB,305,-15.768707482993193,BBB,460,27.399999999999977,22.631292517006784
Global Payments Inc,BB,310,-36.144927536231876,BB,343,22.231292517006807,B,265,36.33333333333334,22.419698314108274
Generac Holdings Inc,A,535,10.816199376946997,BB,311,-9.768707482993193,B,250,21.333333333333343,22.380825227287147
Pioneer Natural Resources Co,AA,700,43.0,BBB,412,-10.923076923076906,BB,300,-10.009216589861751,22.067706487061344
Akumin Inc,BBB,455,5.311111111111131,BB,347,26.231292517006807,BB,300,-10.009216589861751,21.533187038256187
Boston Properties Inc,A,532,7.816199376946997,BB,339,18.231292517006807,BB,305,-5.009216589861751,21.038275304092053
Artisan Acquisition Corp,B,245,14.164705882352933,B,203,-29.938931297709928,B,265,36.33333333333334,20.55910791797635
Norwegian Cruise Line Holdings Ltd,BBB,495,45.31111111111113,BB,306,-14.768707482993193,BB,300,-10.009216589861751,20.533187038256187
NRG Energy Inc,BB,371,24.855072463768124,BB,327,6.231292517006807,B,218,-10.666666666666657,20.419698314108274
Huntington Ingalls Industries Inc,A,545,20.816199376946997,BB,315,-5.768707482993193,BB,315,4.990783410138249,20.038275304092053
Principal Financial Group Inc,A,555,30.816199376946997,BB,320,-0.768707482993193,BB,300,-10.009216589861751,20.038275304092053
West Pharmaceutical Services Inc,A,540,15.816199376946997,BB,330,9.231292517006807,BB,305,-5.009216589861751,20.038275304092053
ARCA Biopharma Inc,B,200,-30.835294117647067,B,222,-10.938931297709928,B,290,61.33333333333334,19.55910791797635
Dell Technologies Inc,A,500,-24.183800623053003,BB,318,-2.768707482993193,B,275,46.33333333333334,19.380825227287147
Booking Holdings Inc,A,558,33.816199376947,BB,306,-14.768707482993193,BB,310,-0.00921658986175089,19.038275304092053
Everest Re Group Ltd,A,505,-19.183800623053003,B,276,43.06106870229007,BB,305,-5.009216589861751,18.86805148937532
Arteris Inc,A,500,-24.183800623053003,B,286,53.06106870229007,BB,300,-10.009216589861751,18.86805148937532
ETSY Inc,B,235,4.1647058823529335,B,241,8.061068702290072,B,235,6.333333333333343,18.55910791797635
Regions Financial Corp,BBB,490,40.31111111111113,BB,304,-16.768707482993193,BB,305,-5.009216589861751,18.533187038256187
POINT Biopharma Global Inc,BB,320,-26.144927536231876,B,221,-11.938931297709928,B,285,56.33333333333334,18.24947449939154
Becton Dickinson and Co,AA,607,-50.0,BB,384,63.23129251700681,BB,315,4.990783410138249,18.222075927145056
United Therapeutics Corp,B,233,2.1647058823529335,B,259,26.061068702290072,BB,300,-10.009216589861751,18.216557994781255
Equifax Inc,BB,390,43.855072463768124,BB,300,-20.768707482993193,BB,305,-5.009216589861751,18.07714839091318
Pinnacle West Capital Corp,AA,629,-28.0,BBB,479,56.076923076923094,BB,300,-10.009216589861751,18.067706487061344
Johnson & Johnson,A,565,40.816199376947,BB,308,-12.768707482993193,BB,300,-10.009216589861751,18.038275304092053
Exxon Mobil Corp,A,538,13.816199376946997,BB,322,1.231292517006807,BB,313,2.990783410138249,18.038275304092053
Zendesk Inc,A,515,-9.183800623053003,BB,338,17.231292517006807,BB,320,9.990783410138249,18.038275304092053
HCA Healthcare Inc,A,520,-4.183800623053003,BB,348,27.231292517006807,BB,305,-5.009216589861751,18.038275304092053
Diamondback Energy Inc,A,513,-11.183800623053003,B,271,38.06106870229007,BB,300,-10.009216589861751,16.86805148937532
Caterpillar Inc,B,235,4.1647058823529335,B,239,6.061068702290072,B,235,6.333333333333343,16.55910791797635
Fortive Corp,A,540,15.816199376946997,BB,326,5.231292517006807,BB,305,-5.009216589861751,16.038275304092053
Devon Energy Corp,A,570,45.816199376947,BB,301,-19.768707482993193,BB,300,-10.009216589861751,16.038275304092053
Stanley Black & Decker Inc,A,555,30.816199376946997,BB,315,-5.768707482993193,BB,300,-10.009216589861751,15.038275304092053
Dominion Energy Inc,A,535,10.816199376946997,BB,325,4.231292517006807,BB,310,-0.00921658986175089,15.038275304092053
Zepp Health Corp,B,202,-28.835294117647067,B,210,-22.938931297709928,B,295,66.33333333333334,14.559107917976348
Harpoon Therapeutics Inc,BBB,485,35.31111111111113,BB,300,-20.768707482993193,BB,310,-0.00921658986175089,14.533187038256187
Shyft Group Inc,A,510,-14.183800623053003,BB,303,-17.768707482993193,B,275,46.33333333333334,14.380825227287147
Skyworks Solutions Inc,A,515,-9.183800623053003,BB,303,-17.768707482993193,B,270,41.33333333333334,14.380825227287147
Carmax Inc,B,251,20.164705882352933,B,237,4.061068702290072,BB,300,-10.009216589861751,14.216557994781255
Atlas Air Worldwide Holdings Inc,A,520,-4.183800623053003,B,243,10.061068702290072,B,237,8.333333333333343,14.210601412570412
Shineco Inc,BB,340,-6.144927536231876,BB,346,25.231292517006807,BB,305,-5.009216589861751,14.07714839091318
Autodesk Inc,A,555,30.816199376946997,BB,304,-16.768707482993193,BB,310,-0.00921658986175089,14.038275304092053
Altria Group Inc,A,500,-24.183800623053003,BB,327,6.231292517006807,BB,341,30.99078341013825,13.038275304092053
Eaton Corporation PLC,A,520,-4.183800623053003,BB,328,7.231292517006807,BB,320,9.990783410138249,13.038275304092053
American Tower Corp,A,530,5.816199376946997,BB,333,12.231292517006807,BB,305,-5.009216589861751,13.038275304092053
Tapestry Inc,BBB,483,33.31111111111113,BB,310,-10.768707482993193,BB,300,-10.009216589861751,12.533187038256187
Amphenol Corp,A,512,-12.183800623053003,BB,303,-17.768707482993193,BBB,475,42.39999999999998,12.447491893953782
Lincoln National Corp,AA,700,43.0,BB,300,-20.768707482993193,BB,300,-10.009216589861751,12.222075927145056
Clear Secure Inc,A,515,-9.183800623053003,B,278,45.06106870229007,B,205,-23.666666666666657,12.210601412570412
Lumen Technologies Inc,A,535,10.816199376946997,BB,327,6.231292517006807,BB,305,-5.009216589861751,12.038275304092053
Lamb Weston Holdings Inc,BB,345,-1.1449275362318758,B,256,23.061068702290072,BB,300,-10.009216589861751,11.906924576196445
Conmed Corp,BBB,441,-8.688888888888869,BB,300,-20.768707482993193,B,270,41.33333333333334,11.875736961451281
Adamis Pharmaceuticals Corp,B,285,54.16470588235293,B,204,-28.938931297709928,B,215,-13.666666666666657,11.559107917976348
Hess Midstream LP,BB,307,-39.144927536231876,B,257,24.061068702290072,B,255,26.333333333333343,11.249474499391539
Bio-Techne Corp,A,510,-14.183800623053003,B,268,35.06106870229007,BB,300,-10.009216589861751,10.868051489375318
Agile Therapeutics Inc,B,240,9.164705882352933,B,203,-29.938931297709928,B,260,31.333333333333343,10.559107917976348
Catalent Inc,BBB,483,33.31111111111113,BB,303,-17.768707482993193,BB,305,-5.009216589861751,10.533187038256187
NiSource Inc,BB,361,14.855072463768124,BB,322,1.231292517006807,B,223,-5.666666666666657,10.419698314108274
Comcast Corp,A,507,-17.183800623053003,BB,343,22.231292517006807,BB,315,4.990783410138249,10.038275304092053
Evergy Inc,A,555,30.816199376946997,BB,310,-10.768707482993193,BB,300,-10.009216589861751,10.038275304092053
Paycom Software Inc,BBB,470,20.31111111111113,BB,305,-15.768707482993193,BB,315,4.990783410138249,9.533187038256187
United Rentals Inc,BBB,472,22.31111111111113,BB,318,-2.768707482993193,BB,300,-10.009216589861751,9.533187038256187
Zymeworks Inc,B,240,9.164705882352933,BB,326,5.231292517006807,BB,305,-5.009216589861751,9.38678180949799
Gap Inc,A,515,-9.183800623053003,BB,349,28.231292517006807,BB,300,-10.009216589861751,9.038275304092053
Allogene Therapeutics Inc,A,535,10.816199376946997,BB,324,3.231292517006807,BB,305,-5.009216589861751,9.038275304092053
Northern Trust Corp,B,250,19.164705882352933,B,226,-6.938931297709928,B,225,-3.666666666666657,8.559107917976348
Yatsen Holding Ltd,BB,355,8.855072463768124,B,217,-15.938931297709928,BB,325,14.990783410138249,7.906924576196445
Truist Financial Corp,BBB,480,30.31111111111113,BB,308,-12.768707482993193,BB,300,-10.009216589861751,7.533187038256187
T-Mobile US Inc,BB,342,-4.144927536231876,BB,331,10.231292517006807,B,230,1.3333333333333428,7.419698314108274
Axcelis Technologies Inc,A,515,-9.183800623053003,BB,306,-14.768707482993193,B,260,31.333333333333343,7.380825227287147
JPMorgan Chase & Co,A,505,-19.183800623053003,BB,319,-1.768707482993193,BB,338,27.99078341013825,7.038275304092053
Philip Morris International Inc,A,520,-4.183800623053003,BB,327,6.231292517006807,BB,315,4.990783410138249,7.038275304092053
Aerie Pharmaceuticals Inc,A,500,-24.183800623053003,B,264,31.061068702290072,BB,310,-0.00921658986175089,6.868051489375318
Duke Energy Corp,AA,604,-53.0,BB,362,41.23129251700681,BB,328,17.99078341013825,6.222075927145056
Carnival Corp,A,515,-9.183800623053003,BB,326,5.231292517006807,BB,320,9.990783410138249,6.038275304092053
Sysco Corp,A,555,30.816199376946997,BB,301,-19.768707482993193,BB,305,-5.009216589861751,6.038275304092053
Akamai Technologies Inc,A,515,-9.183800623053003,BB,341,20.231292517006807,BB,305,-5.009216589861751,6.038275304092053
Afya Ltd,B,290,59.16470588235293,B,203,-29.938931297709928,B,205,-23.666666666666657,5.559107917976348
Hilton Worldwide Holdings Inc,B,293,62.16470588235293,B,200,-32.93893129770993,B,205,-23.666666666666657,5.559107917976348
S&P Global Inc,BBB,435,-14.688888888888869,BB,341,20.231292517006807,BB,310,-0.00921658986175089,5.533187038256187
Affimed NV,BB,368,21.855072463768124,BB,304,-16.768707482993193,BB,310,-0.00921658986175089,5.07714839091318
Zimmer Biomet Holdings Inc,A,520,-4.183800623053003,BB,330,9.231292517006807,BB,310,-0.00921658986175089,5.038275304092053
Howmet Aerospace Inc,A,525,0.8161993769469973,BB,315,-5.768707482993193,BB,320,9.990783410138249,5.038275304092053
Micron Technology Inc,A,530,5.816199376946997,BB,330,9.231292517006807,BB,300,-10.009216589861751,5.038275304092053
PTC Inc,A,550,25.816199376946997,BB,302,-18.768707482993193,BB,308,-2.009216589861751,5.038275304092053
Yalla Group Ltd,B,233,2.1647058823529335,B,244,11.061068702290072,B,220,-8.666666666666657,4.559107917976348
CME Group Inc,BB,375,28.855072463768124,B,237,4.061068702290072,B,200,-28.666666666666657,4.249474499391539
Monster Beverage Corp,A,515,-9.183800623053003,BB,344,23.231292517006807,BB,300,-10.009216589861751,4.038275304092053
Borgwarner Inc,B,260,29.164705882352933,B,206,-26.938931297709928,B,230,1.3333333333333428,3.5591079179763483
NVIDIA Corp,BB,323,-23.144927536231876,BB,301,-19.768707482993193,B,275,46.33333333333334,3.419698314108274
Alaska Air Group Inc,A,515,-9.183800623053003,BB,303,-17.768707482993193,B,259,30.333333333333343,3.380825227287147
Walmart Inc,BB,310,-36.144927536231876,B,281,48.06106870229007,B,220,-8.666666666666657,3.249474499391539
Aethlon Medical Inc,B,200,-30.835294117647067,B,262,29.061068702290072,BB,315,4.990783410138249,3.2165579947812546
Franklin Resources Inc,BB,321,-25.144927536231876,BB,349,28.231292517006807,BB,310,-0.00921658986175089,3.0771483909131803
Autozone Inc,B,260,29.164705882352933,B,222,-10.938931297709928,B,213,-15.666666666666657,2.5591079179763483
Triton International Ltd,BBB,477,27.31111111111113,BB,306,-14.768707482993193,BB,300,-10.009216589861751,2.5331870382561874
AgroFresh Solutions Inc,A,500,-24.183800623053003,BB,301,-19.768707482993193,B,275,46.33333333333334,2.380825227287147
Motorola Solutions Inc,A,505,-19.183800623053003,BB,305,-15.768707482993193,BB,347,36.99078341013825,2.0382753040920534
Digital Realty Trust Inc,A,540,15.816199376946997,BB,317,-3.768707482993193,BB,300,-10.009216589861751,2.0382753040920534
CVS Health Corp,A,540,15.816199376946997,BB,302,-18.768707482993193,BB,315,4.990783410138249,2.0382753040920534
Carrier Global Corp,B,210,-20.835294117647067,B,258,25.061068702290072,B,226,-2.666666666666657,1.5591079179763483
Applied Genetic Technologies Corp,B,235,4.1647058823529335,BB,323,2.231292517006807,BB,305,-5.009216589861751,1.3867818094979896
Synopsys Inc,A,525,0.8161993769469973,BB,316,-4.768707482993193,BB,315,4.990783410138249,1.0382753040920534
PerkinElmer Inc,A,515,-9.183800623053003,BB,316,-4.768707482993193,BB,325,14.990783410138249,1.0382753040920534
Caesars Entertainment Inc,B,265,34.16470588235293,B,228,-4.938931297709928,B,200,-28.666666666666657,0.5591079179763483
MicroVision Inc,BBB,451,1.3111111111111313,BB,300,-20.768707482993193,BB,330,19.99078341013825,0.5331870382561874
CMS Energy Corp,BBB,450,0.3111111111111313,AA,667,0.0,C,75,0.0,0.3111111111111313
Clearone Inc,BB,370,23.855072463768124,B,228,-4.938931297709928,B,210,-18.666666666666657,0.24947449939153898
Organon & Co,A,515,-9.183800623053003,BB,335,14.231292517006807,BB,305,-5.009216589861751,0.038275304092053375
MyMD Pharmaceuticals Inc,B,205,-25.835294117647067,B,257,24.061068702290072,B,230,1.3333333333333428,-0.4408920820236517
Nextera Energy Inc,AA,668,11.0,BB,306,-14.768707482993193,BB,313,2.990783410138249,-0.7779240728549439
Allakos Inc,B,200,-30.835294117647067,B,273,40.06106870229007,BB,300,-10.009216589861751,-0.7834420052187454
Hologic Inc,A,515,-9.183800623053003,BB,324,3.231292517006807,BB,315,4.990783410138249,-0.9617246959079466
Lockheed Martin Corp,A,510,-14.183800623053003,BB,324,3.231292517006807,BB,320,9.990783410138249,-0.9617246959079466
Alimera Sciences Inc,B,220,-10.835294117647067,B,228,-4.938931297709928,B,243,14.333333333333343,-1.4408920820236517
Expedia Group Inc,B,225,-5.8352941176470665,B,242,9.061068702290072,BB,305,-5.009216589861751,-1.7834420052187454
Equinix Inc,A,515,-9.183800623053003,BB,323,2.231292517006807,BB,315,4.990783410138249,-1.9617246959079466
Duke Realty Corp,A,540,15.816199376946997,BB,313,-7.768707482993193,BB,300,-10.009216589861751,-1.9617246959079466
DENTSPLY SIRONA Inc,A,530,5.816199376946997,BB,318,-2.768707482993193,BB,305,-5.009216589861751,-1.9617246959079466
Genuine Parts Co,A,535,10.816199376946997,B,225,-7.938931297709928,BB,305,-5.009216589861751,-2.1319485106246816
Mannatech Inc,B,200,-30.835294117647067,B,260,27.061068702290072,B,230,1.3333333333333428,-2.4408920820236517
Hanmi Financial Corp,B,250,19.164705882352933,B,207,-25.938931297709928,B,233,4.333333333333343,-2.4408920820236517
PNC Financial Services Group Inc,BBB,455,5.311111111111131,BB,323,2.231292517006807,BB,300,-10.009216589861751,-2.4668129617438126
Pentair PLC,BBB,433,-16.68888888888887,BB,330,9.231292517006807,BB,315,4.990783410138249,-2.4668129617438126
Waste Management Inc,AA,613,-44.0,BBB,408,-14.923076923076906,B,285,56.33333333333334,-2.589743589743563
Harvard Bioscience Inc,B,250,19.164705882352933,B,221,-11.938931297709928,BB,300,-10.009216589861751,-2.7834420052187454
Southern Co,A,515,-9.183800623053003,BB,307,-13.768707482993193,BB,330,19.99078341013825,-2.9617246959079466
Spirit AeroSystems Holdings Inc,A,515,-9.183800623053003,BB,337,16.231292517006807,BB,300,-10.009216589861751,-2.9617246959079466
Aesthetic Medical International Holdings Group Ltd,B,220,-10.835294117647067,B,250,17.061068702290072,BB,300,-10.009216589861751,-3.7834420052187454
APA Corp (US),A,510,-14.183800623053003,BB,316,-4.768707482993193,BB,325,14.990783410138249,-3.9617246959079466
American International Group Inc,A,518,-6.183800623053003,BB,323,2.231292517006807,BB,310,-0.00921658986175089,-3.9617246959079466
AgriFORCE Growing Systems Ltd,A,510,-14.183800623053003,B,248,15.061068702290072,BB,305,-5.009216589861751,-4.131948510624682
Essex Property Trust Inc,BB,377,30.855072463768124,BB,304,-16.768707482993193,B,210,-18.666666666666657,-4.580301685891726
PENN Entertainment Inc,BB,371,24.855072463768124,BB,300,-20.768707482993193,B,220,-8.666666666666657,-4.580301685891726
Celsion Corp,B,255,24.164705882352933,B,214,-18.938931297709928,BB,300,-10.009216589861751,-4.783442005218745
Air T Inc,B,234,3.1647058823529335,B,210,-22.938931297709928,BB,325,14.990783410138249,-4.783442005218745
ADDvantage Technologies Group Inc,B,235,4.1647058823529335,B,234,1.061068702290072,BB,300,-10.009216589861751,-4.783442005218745
TPG RE Finance Trust Inc,B,230,-0.8352941176470665,B,239,6.061068702290072,BB,300,-10.009216589861751,-4.783442005218745
Teradyne Inc,A,507,-17.183800623053003,BB,328,7.231292517006807,BB,315,4.990783410138249,-4.961724695907947
Qorvo Inc,A,535,10.816199376946997,BB,310,-10.768707482993193,BB,305,-5.009216589861751,-4.961724695907947
Lam Research Corp,A,510,-14.183800623053003,BB,325,4.231292517006807,BB,315,4.990783410138249,-4.961724695907947
Masco Corp,A,522,-2.1838006230530027,BB,323,2.231292517006807,BB,305,-5.009216589861751,-4.961724695907947
SVB Financial Group,A,510,-14.183800623053003,BB,340,19.231292517006807,BB,300,-10.009216589861751,-4.961724695907947
Ralph Lauren Corp,BBB,420,-29.68888888888887,BB,352,31.231292517006807,BB,303,-7.009216589861751,-5.466812961743813
Hasbro Inc,B,255,24.164705882352933,BB,301,-19.768707482993193,BB,300,-10.009216589861751,-5.61321819050201
General Motors Co,A,510,-14.183800623053003,BB,303,-17.768707482993193,B,255,26.333333333333343,-5.619174772712853
Costco Wholesale Corp,A,537,12.816199376946997,BB,306,-14.768707482993193,B,225,-3.666666666666657,-5.619174772712853
Alexandria Real Estate Equities Inc,AA,600,-57.0,BB,337,16.231292517006807,BB,345,34.99078341013825,-5.777924072854944
Gyrodyne LLC,B,240,9.164705882352933,B,206,-26.938931297709928,B,240,11.333333333333343,-6.440892082023652
Charles River Laboratories International Inc,A,510,-14.183800623053003,BB,322,1.231292517006807,B,235,6.333333333333343,-6.619174772712853
Verisk Analytics Inc,AA,615,-42.0,BB,366,45.23129251700681,BB,300,-10.009216589861751,-6.777924072854944
Agios Pharmaceuticals Inc,A,520,-4.183800623053003,BB,303,-17.768707482993193,BB,325,14.990783410138249,-6.961724695907947
Marathon Oil Corp,A,530,5.816199376946997,BB,313,-7.768707482993193,BB,305,-5.009216589861751,-6.961724695907947
Perma-Pipe International Holdings Inc,A,500,-24.183800623053003,B,260,27.061068702290072,BB,300,-10.009216589861751,-7.131948510624682
Public Storage,B,235,4.1647058823529335,B,245,12.061068702290072,B,205,-23.666666666666657,-7.440892082023652
AFC Gamma Inc,B,255,24.164705882352933,B,204,-28.938931297709928,B,226,-2.666666666666657,-7.440892082023652
Discover Financial Services,BB,335,-11.144927536231876,BB,321,0.23129251700680697,BB,313,2.990783410138249,-7.92285160908682
Walt Disney Co,A,510,-14.183800623053003,BB,316,-4.768707482993193,BB,321,10.990783410138249,-7.961724695907947
ACADIA Pharmaceuticals Inc,B,230,-0.8352941176470665,B,230,-2.938931297709928,BB,305,-5.009216589861751,-8.783442005218745
Hci Group Inc,B,205,-25.835294117647067,B,260,27.061068702290072,BB,300,-10.009216589861751,-8.783442005218745
Analog Devices Inc,BB,350,3.855072463768124,BB,318,-2.768707482993193,BB,300,-10.009216589861751,-8.92285160908682
Cigna Corp,A,508,-16.183800623053003,BB,328,7.231292517006807,BB,310,-0.00921658986175089,-8.961724695907947
USA Truck Inc,A,532,7.816199376946997,BB,311,-9.768707482993193,BB,303,-7.009216589861751,-8.961724695907947
Host Hotels & Resorts Inc,A,510,-14.183800623053003,BB,318,-2.768707482993193,BB,318,7.990783410138249,-8.961724695907947
First Western Financial Inc,BB,351,4.855072463768124,BB,300,-20.768707482993193,B,235,6.333333333333343,-9.580301685891726
CSX Corp,A,510,-14.183800623053003,BB,310,-10.768707482993193,BB,325,14.990783410138249,-9.961724695907947
Altra Industrial Motion Corp,A,525,0.8161993769469973,BB,315,-5.768707482993193,BB,305,-5.009216589861751,-9.961724695907947
T Rowe Price Group Inc,A,510,-14.183800623053003,BB,325,4.231292517006807,BB,310,-0.00921658986175089,-9.961724695907947
Aflac Inc,BBB,454,4.311111111111131,BB,300,-20.768707482993193,B,235,6.333333333333343,-10.124263038548719
Electronic Arts Inc,BB,360,13.855072463768124,BB,300,-20.768707482993193,B,225,-3.666666666666657,-10.580301685891726
M&T Bank Corp,A,500,-24.183800623053003,BB,303,-17.768707482993193,B,260,31.333333333333343,-10.619174772712853
Allied Healthcare Products Inc,B,210,-20.835294117647067,B,228,-4.938931297709928,BB,325,14.990783410138249,-10.783442005218745
Pool Corp,A,525,0.8161993769469973,BB,306,-14.768707482993193,BB,313,2.990783410138249,-10.961724695907947
Concord Acquisition Corp,B,205,-25.835294117647067,B,257,24.061068702290072,BB,300,-10.009216589861751,-11.783442005218745
Newell Brands Inc,A,525,0.8161993769469973,BB,303,-17.768707482993193,BB,315,4.990783410138249,-11.961724695907947
Alignment Healthcare LLC,B,210,-20.835294117647067,BB,302,-18.768707482993193,B,256,27.333333333333343,-12.270668267306917
MaxCyte Inc,B,220,-10.835294117647067,BB,300,-20.768707482993193,B,248,19.333333333333343,-12.270668267306917
Nike Inc,B,205,-25.835294117647067,B,275,42.06106870229007,B,200,-28.666666666666657,-12.440892082023652
Snap-On Inc,A,500,-24.183800623053003,BB,300,-20.768707482993193,B,261,32.33333333333334,-12.619174772712853
Applied Materials Inc,A,525,0.8161993769469973,BB,317,-3.768707482993193,BB,300,-10.009216589861751,-12.961724695907947
CF Industries Holdings Inc,A,525,0.8161993769469973,BB,307,-13.768707482993193,BB,310,-0.00921658986175089,-12.961724695907947
Allot Ltd,A,508,-16.183800623053003,BB,324,3.231292517006807,BB,310,-0.00921658986175089,-12.961724695907947
Cambium Networks Corp,A,505,-19.183800623053003,BB,337,16.231292517006807,BB,300,-10.009216589861751,-12.961724695907947
Copart Inc,B,270,39.16470588235293,B,204,-28.938931297709928,B,205,-23.666666666666657,-13.440892082023652
Boeing Co,B,220,-10.835294117647067,B,224,-8.938931297709928,B,235,6.333333333333343,-13.440892082023652
3M Co,A,526,1.8161993769469973,BB,310,-10.768707482993193,BB,305,-5.009216589861751,-13.961724695907947
DISH Network Corp,B,210,-20.835294117647067,B,263,30.061068702290072,B,205,-23.666666666666657,-14.440892082023652
Acorda Therapeutics Inc,B,230,-0.8352941176470665,BB,307,-13.768707482993193,BB,310,-0.00921658986175089,-14.61321819050201
Colgate-Palmolive Co,A,520,-4.183800623053003,BB,310,-10.768707482993193,BB,310,-0.00921658986175089,-14.961724695907947
Royal Caribbean Cruises Ltd,A,503,-21.183800623053003,BB,327,6.231292517006807,BB,310,-0.00921658986175089,-14.961724695907947
Walgreens Boots Alliance Inc,A,515,-9.183800623053003,BB,325,4.231292517006807,BB,300,-10.009216589861751,-14.961724695907947
Hess Corp,A,535,10.816199376946997,BB,300,-20.768707482993193,BB,305,-5.009216589861751,-14.961724695907947
Hayward Holdings Inc,A,535,10.816199376946997,BB,305,-15.768707482993193,BB,300,-10.009216589861751,-14.961724695907947
Citrix Systems Inc,A,530,5.816199376946997,BB,305,-15.768707482993193,BB,305,-5.009216589861751,-14.961724695907947
Simon Property Group Inc,B,225,-5.8352941176470665,B,247,14.061068702290072,B,205,-23.666666666666657,-15.440892082023652
Moody's Corp,A,515,-9.183800623053003,BB,308,-12.768707482993193,B,235,6.333333333333343,-15.619174772712853
Health Assurance Acquisition Corp,B,200,-30.835294117647067,B,258,25.061068702290072,BB,300,-10.009216589861751,-15.783442005218745
NXP Semiconductors NV,A,505,-19.183800623053003,BB,329,8.231292517006807,BB,305,-5.009216589861751,-15.961724695907947
NVR Inc,B,265,34.16470588235293,B,206,-26.938931297709928,B,205,-23.666666666666657,-16.44089208202365
GSE Systems Inc,A,505,-19.183800623053003,BB,307,-13.768707482993193,B,245,16.333333333333343,-16.619174772712853
WEC Energy Group Inc,AA,635,-22.0,BBB,438,15.076923076923094,BB,300,-10.009216589861751,-16.932293512938656
Medtronic PLC,A,515,-9.183800623053003,BB,308,-12.768707482993193,BB,315,4.990783410138249,-16.961724695907947
Columbus McKinnon Corp,B,200,-30.835294117647067,BB,323,2.231292517006807,B,240,11.333333333333343,-17.270668267306917
Sientra Inc,B,219,-11.835294117647067,BB,308,-12.768707482993193,B,236,7.333333333333343,-17.270668267306917
Airbnb Inc,A,505,-19.183800623053003,A,570,34.5,BBB,400,-32.60000000000002,-17.283800623053025
Acacia Research Corp,B,200,-30.835294117647067,B,200,-32.93893129770993,B,275,46.33333333333334,-17.44089208202365
Welltower OP LLC,BBB,437,-12.688888888888869,BB,326,5.231292517006807,BB,300,-10.009216589861751,-17.466812961743813
AudioEye Inc,B,235,4.1647058823529335,BB,301,-19.768707482993193,BB,308,-2.009216589861751,-17.61321819050201
Cognizant Technology Solutions Corp,AA,605,-52.0,BB,365,44.23129251700681,BB,300,-10.009216589861751,-17.777924072854944
Regeneron Pharmaceuticals Inc,A,505,-19.183800623053003,BB,327,6.231292517006807,BB,305,-5.009216589861751,-17.961724695907947
Capital One Financial Corp,A,508,-16.183800623053003,BB,309,-11.768707482993193,BB,320,9.990783410138249,-17.961724695907947
CNO Financial Group Inc,A,500,-24.183800623053003,BB,322,1.231292517006807,BB,315,4.990783410138249,-17.961724695907947
Zuora Inc,B,240,9.164705882352933,B,234,1.061068702290072,B,200,-28.666666666666657,-18.44089208202365
Humana Inc,BBB,462,12.311111111111131,BB,300,-20.768707482993193,BB,300,-10.009216589861751,-18.466812961743813
Alleghany Corp,B,215,-15.835294117647067,B,240,7.061068702290072,BB,300,-10.009216589861751,-18.783442005218745
Univest Financial Corp,BB,331,-15.144927536231876,BB,322,1.231292517006807,BB,305,-5.009216589861751,-18.92285160908682
McDonald's Corp,A,505,-19.183800623053003,BB,326,5.231292517006807,BB,305,-5.009216589861751,-18.961724695907947
DXC Technology Co,A,505,-19.183800623053003,BB,326,5.231292517006807,BB,305,-5.009216589861751,-18.961724695907947
Advent Technologies Holdings Inc,B,250,19.164705882352933,B,203,-29.938931297709928,B,220,-8.666666666666657,-19.44089208202365
Clever Leaves Holdings Inc,B,225,-5.8352941176470665,B,243,10.061068702290072,B,205,-23.666666666666657,-19.44089208202365
Take-Two Interactive Software Inc,B,225,-5.8352941176470665,BB,307,-13.768707482993193,BB,310,-0.00921658986175089,-19.61321819050201
Goldman Sachs Group Inc,A,525,0.8161993769469973,BB,305,-15.768707482993193,BB,305,-5.009216589861751,-19.961724695907947
A O Smith Corp,A,510,-14.183800623053003,BB,315,-5.768707482993193,BB,310,-0.00921658986175089,-19.961724695907947
Acurx Pharmaceuticals Inc,B,235,4.1647058823529335,BB,301,-19.768707482993193,BB,305,-5.009216589861751,-20.61321819050201
Mid-America Apartment Communities Inc,BB,315,-31.144927536231876,B,261,28.061068702290072,B,210,-18.666666666666657,-21.75052550060846
General Electric Co,A,533,8.816199376946997,BB,300,-20.768707482993193,BB,300,-10.009216589861751,-21.961724695907947
TransUnion,A,510,-14.183800623053003,BB,313,-7.768707482993193,BB,310,-0.00921658986175089,-21.961724695907947
Yelp Inc,B,245,14.164705882352933,A,515,-20.5,B,213,-15.666666666666657,-22.001960784313724
Applied Optoelectronics Inc,BB,311,-35.144927536231876,B,256,23.061068702290072,B,218,-10.666666666666657,-22.75052550060846
MMTEC Inc,B,221,-9.835294117647067,B,225,-7.938931297709928,BB,305,-5.009216589861751,-22.783442005218745
FMC Corp,A,510,-14.183800623053003,BB,307,-13.768707482993193,BB,315,4.990783410138249,-22.961724695907947
Dollar General Corp,B,247,16.164705882352933,B,222,-10.938931297709928,B,200,-28.666666666666657,-23.44089208202365
Universal Stainless & Alloy Products Inc,B,238,7.1647058823529335,B,231,-1.938931297709928,B,200,-28.666666666666657,-23.44089208202365
Allstate Corp,A,530,5.816199376946997,BB,300,-20.768707482993193,B,220,-8.666666666666657,-23.619174772712853
Healthcare Services Acquisition Corp,B,245,14.164705882352933,B,205,-27.938931297709928,BB,300,-10.009216589861751,-23.783442005218745
US Bancorp,BB,336,-10.144927536231876,BB,317,-3.768707482993193,BB,300,-10.009216589861751,-23.92285160908682
Gartner Inc,A,500,-24.183800623053003,BB,316,-4.768707482993193,BB,315,4.990783410138249,-23.961724695907947
Conagra Brands Inc,A,525,0.8161993769469973,BB,306,-14.768707482993193,BB,300,-10.009216589861751,-23.961724695907947
PPL Corp,A,525,0.8161993769469973,BB,306,-14.768707482993193,BB,300,-10.009216589861751,-23.961724695907947
Bristol-Myers Squibb Co,A,500,-24.183800623053003,BB,321,0.23129251700680697,BB,310,-0.00921658986175089,-23.961724695907947
Globe Life Inc,B,215,-15.835294117647067,B,238,5.061068702290072,B,215,-13.666666666666657,-24.44089208202365
Haemonetics Corp,BBB,448,-1.6888888888888687,BB,303,-17.768707482993193,BB,305,-5.009216589861751,-24.466812961743813
Airgain Inc,A,500,-24.183800623053003,BB,300,-20.768707482993193,BB,330,19.99078341013825,-24.961724695907947
Cummins Inc,A,510,-14.183800623053003,BB,320,-0.768707482993193,BB,300,-10.009216589861751,-24.961724695907947
Yum! Brands Inc,A,500,-24.183800623053003,BB,320,-0.768707482993193,BB,310,-0.00921658986175089,-24.961724695907947
Aligos Therapeutics Inc,B,210,-20.835294117647067,B,222,-10.938931297709928,B,235,6.333333333333343,-25.44089208202365
Porch Group Inc,B,225,-5.8352941176470665,B,227,-5.938931297709928,B,215,-13.666666666666657,-25.44089208202365
ACM Research Inc,BBB,410,-39.68888888888887,B,232,-0.938931297709928,BB,325,14.990783410138249,-25.637036776460548
Hallmark Financial Services Inc,B,215,-15.835294117647067,B,233,0.061068702290072,BB,300,-10.009216589861751,-25.783442005218745
ABIOMED Inc,A,500,-24.183800623053003,BB,324,3.231292517006807,BB,305,-5.009216589861751,-25.961724695907947
Dexcom Inc,B,215,-15.835294117647067,B,236,3.061068702290072,B,215,-13.666666666666657,-26.44089208202365
Assurant Inc,BBB,438,-11.688888888888869,BB,316,-4.768707482993193,BB,300,-10.009216589861751,-26.466812961743813
Acadia Healthcare Company Inc,BB,330,-16.144927536231876,B,231,-1.938931297709928,B,220,-8.666666666666657,-26.75052550060846
Xinyuan Real Estate Co Ltd,B,205,-25.835294117647067,B,242,9.061068702290072,BB,300,-10.009216589861751,-26.783442005218745
Metacrine Inc,B,210,-20.835294117647067,B,207,-25.938931297709928,BB,330,19.99078341013825,-26.783442005218745
Seanergy Maritime Holdings Corp,BB,345,-1.1449275362318758,BB,300,-20.768707482993193,BB,305,-5.009216589861751,-26.92285160908682
Hannon Armstrong Sustainable Infrastructure Capital Inc,AA,646,-11.0,BBB,404,-18.923076923076906,BB,313,2.990783410138249,-26.932293512938656
Bath & Body Works Inc,A,525,0.8161993769469973,BB,303,-17.768707482993193,BB,300,-10.009216589861751,-26.961724695907947
Delta Air Lines Inc,A,515,-9.183800623053003,BB,300,-20.768707482993193,BB,313,2.990783410138249,-26.961724695907947
Raytheon Technologies Corp,A,520,-4.183800623053003,BB,330,9.231292517006807,BBB,400,-32.60000000000002,-27.55250810604622
Akari Therapeutics PLC,B,225,-5.8352941176470665,B,216,-16.938931297709928,BB,305,-5.009216589861751,-27.783442005218745
Yext Inc,BB,325,-21.144927536231876,BB,314,-6.768707482993193,BB,310,-0.00921658986175089,-27.92285160908682
Compass Minerals International Inc,A,505,-19.183800623053003,BB,302,-18.768707482993193,BB,320,9.990783410138249,-27.961724695907947
ACI Worldwide Inc,A,500,-24.183800623053003,BB,327,6.231292517006807,BB,300,-10.009216589861751,-27.961724695907947
MetLife Inc,A,517,-7.183800623053003,BB,305,-15.768707482993193,BB,305,-5.009216589861751,-27.961724695907947
Hain Celestial Group Inc,A,520,-4.183800623053003,BB,302,-18.768707482993193,BB,305,-5.009216589861751,-27.961724695907947
Federal Realty Investment Trust,A,525,0.8161993769469973,BB,302,-18.768707482993193,BB,300,-10.009216589861751,-27.961724695907947
Halozyme Therapeutics Inc,A,510,-14.183800623053003,BB,302,-18.768707482993193,BB,315,4.990783410138249,-27.961724695907947
Mondelez International Inc,A,520,-4.183800623053003,BB,307,-13.768707482993193,BB,300,-10.009216589861751,-27.961724695907947
Steven Madden Ltd,A,508,-16.183800623053003,B,231,-1.938931297709928,BB,300,-10.009216589861751,-28.13194851062468
Home Depot Inc,B,230,-0.8352941176470665,BB,317,-3.768707482993193,B,205,-23.666666666666657,-28.270668267306917
Chipotle Mexican Grill Inc,B,210,-20.835294117647067,B,241,8.061068702290072,B,213,-15.666666666666657,-28.44089208202365
American Express Co,B,230,-0.8352941176470665,B,226,-6.938931297709928,B,208,-20.666666666666657,-28.44089208202365
PVH Corp,BBB,418,-31.68888888888887,BB,319,-1.768707482993193,BB,315,4.990783410138249,-28.466812961743813
Mettler-Toledo International Inc,A,505,-19.183800623053003,BB,300,-20.768707482993193,B,240,11.333333333333343,-28.619174772712853
Arbutus Biopharma Corp,B,203,-27.835294117647067,B,204,-28.938931297709928,BB,338,27.99078341013825,-28.783442005218745
Alliant Energy Corp,A,519,-5.183800623053003,BB,307,-13.768707482993193,BB,300,-10.009216589861751,-28.961724695907947
Pennant Group Inc,B,245,14.164705882352933,BB,306,-14.768707482993193,B,200,-28.666666666666657,-29.270668267306917
Synchrony Financial,BB,325,-21.144927536231876,BB,312,-8.768707482993193,BB,310,-0.00921658986175089,-29.92285160908682
Dover Corp,A,500,-24.183800623053003,BB,320,-0.768707482993193,BB,305,-5.009216589861751,-29.961724695907947
NortonLifeLock Inc,A,505,-19.183800623053003,BB,315,-5.768707482993193,BB,305,-5.009216589861751,-29.961724695907947
Abbott Laboratories,A,515,-9.183800623053003,BB,305,-15.768707482993193,BB,305,-5.009216589861751,-29.961724695907947
Alkermes Plc,BBB,415,-34.68888888888887,BB,302,-18.768707482993193,BB,333,22.99078341013825,-30.466812961743813
Powell Industries Inc,A,500,-24.183800623053003,B,240,7.061068702290072,B,215,-13.666666666666657,-30.789398587429588
Darden Restaurants Inc,A,515,-9.183800623053003,BB,309,-11.768707482993193,BB,300,-10.009216589861751,-30.961724695907947
Best Buy Co Inc,BBB,430,-19.68888888888887,B,231,-1.938931297709928,BB,300,-10.009216589861751,-31.637036776460548
Achieve Life Sciences Inc,B,215,-15.835294117647067,B,222,-10.938931297709928,BB,305,-5.009216589861751,-31.783442005218745
AIB Acquisition Corp,B,215,-15.835294117647067,B,227,-5.938931297709928,BB,300,-10.009216589861751,-31.783442005218745
Tronox Holdings PLC,A,503,-21.183800623053003,BB,320,-0.768707482993193,BB,300,-10.009216589861751,-31.961724695907947
Heritage-Crystal Clean Inc,A,525,0.8161993769469973,BBB,400,-22.923076923076906,BB,300,-10.009216589861751,-32.11609413599166
Akoustis Technologies Inc,B,222,-8.835294117647067,BB,302,-18.768707482993193,BBB,428,-4.600000000000023,-32.20400160064028
Primeenergy Resources Corp,B,200,-30.835294117647067,B,200,-32.93893129770993,B,260,31.333333333333343,-32.44089208202365
Atlantic American Corp,B,220,-10.835294117647067,B,221,-11.938931297709928,BB,300,-10.009216589861751,-32.783442005218745
Abbvie Inc,A,505,-19.183800623053003,BB,317,-3.768707482993193,BB,300,-10.009216589861751,-32.96172469590795
Sirius XM Holdings Inc,B,240,9.164705882352933,BB,302,-18.768707482993193,B,205,-23.666666666666657,-33.27066826730692
Absci Corp,B,205,-25.835294117647067,B,224,-8.938931297709928,B,230,1.3333333333333428,-33.44089208202365
Loews Corp,A,505,-19.183800623053003,BB,303,-17.768707482993193,BB,313,2.990783410138249,-33.96172469590795
Campbell Soup Co,A,515,-9.183800623053003,BB,301,-19.768707482993193,BB,305,-5.009216589861751,-33.96172469590795
United States Lime & Minerals Inc,A,500,-24.183800623053003,B,233,0.061068702290072,BB,300,-10.009216589861751,-34.13194851062468
SI-BONE Inc,B,220,-10.835294117647067,B,228,-4.938931297709928,B,210,-18.666666666666657,-34.44089208202365
Pultegroup Inc,B,215,-15.835294117647067,B,203,-29.938931297709928,B,240,11.333333333333343,-34.44089208202365
Dollar Tree Inc,B,235,4.1647058823529335,B,208,-24.938931297709928,B,215,-13.666666666666657,-34.44089208202365
Aditxt Inc,B,210,-20.835294117647067,B,224,-8.938931297709928,BB,305,-5.009216589861751,-34.783442005218745
Holly Energy Partners LP,A,511,-13.183800623053003,B,225,-7.938931297709928,B,215,-13.666666666666657,-34.78939858742959
Resmed Inc,BB,330,-16.144927536231876,BB,312,-8.768707482993193,BB,300,-10.009216589861751,-34.92285160908682
General Dynamics Corp,A,510,-14.183800623053003,BB,310,-10.768707482993193,BB,300,-10.009216589861751,-34.96172469590795
LKQ Corp,A,515,-9.183800623053003,BB,300,-20.768707482993193,BB,305,-5.009216589861751,-34.96172469590795
Amerisourcebergen Corp,A,505,-19.183800623053003,BB,300,-20.768707482993193,BB,315,4.990783410138249,-34.96172469590795
Cardinal Health Inc,A,505,-19.183800623053003,BB,300,-20.768707482993193,BB,315,4.990783410138249,-34.96172469590795
Merck & Co Inc,A,500,-24.183800623053003,BB,305,-15.768707482993193,BB,315,4.990783410138249,-34.96172469590795
Aclaris Therapeutics Inc,B,230,-0.8352941176470665,B,207,-25.938931297709928,B,220,-8.666666666666657,-35.44089208202365
Ammo Inc,B,233,2.1647058823529335,B,224,-8.938931297709928,B,200,-28.666666666666657,-35.44089208202365
Raymond James Financial Inc,A,505,-19.183800623053003,BB,309,-11.768707482993193,BB,305,-5.009216589861751,-35.96172469590795
Celanese Corp,A,500,-24.183800623053003,BB,319,-1.768707482993193,BB,300,-10.009216589861751,-35.96172469590795
Salesforce Inc,B,215,-15.835294117647067,B,241,8.061068702290072,B,200,-28.666666666666657,-36.44089208202365
HP Inc,B,245,14.164705882352933,B,211,-21.938931297709928,B,200,-28.666666666666657,-36.44089208202365
Adapthealth Corp,B,210,-20.835294117647067,B,211,-21.938931297709928,B,235,6.333333333333343,-36.44089208202365
Clovis Oncology Inc,B,225,-5.8352941176470665,B,212,-20.938931297709928,BB,300,-10.009216589861751,-36.783442005218745
AcelRx Pharmaceuticals Inc,B,200,-30.835294117647067,B,237,4.061068702290072,BB,300,-10.009216589861751,-36.783442005218745
ADTRAN Inc,A,510,-14.183800623053003,BB,308,-12.768707482993193,BB,300,-10.009216589861751,-36.96172469590795
Citigroup Inc,A,515,-9.183800623053003,BB,300,-20.768707482993193,BB,303,-7.009216589861751,-36.96172469590795
Mastercard Inc,B,210,-20.835294117647067,B,230,-2.938931297709928,B,215,-13.666666666666657,-37.44089208202365
ACNB Corp,B,220,-10.835294117647067,B,219,-13.938931297709928,B,215,-13.666666666666657,-38.44089208202365
Baxter International Inc,A,500,-24.183800623053003,BB,316,-4.768707482993193,BB,300,-10.009216589861751,-38.96172469590795
STERIS plc,A,510,-14.183800623053003,BB,301,-19.768707482993193,BB,305,-5.009216589861751,-38.96172469590795
UDR Inc,B,225,-5.8352941176470665,BB,301,-19.768707482993193,B,215,-13.666666666666657,-39.27066826730692
Equity Residential,B,235,4.1647058823529335,B,208,-24.938931297709928,B,210,-18.666666666666657,-39.44089208202365
Insulet Corp,B,215,-15.835294117647067,B,233,0.061068702290072,B,205,-23.666666666666657,-39.44089208202365
Marketaxess Holdings Inc,B,230,-0.8352941176470665,B,213,-19.938931297709928,B,210,-18.666666666666657,-39.44089208202365
Zebra Technologies Corp,BB,320,-26.144927536231876,BB,317,-3.768707482993193,BB,300,-10.009216589861751,-39.92285160908682
Charles Schwab Corp,A,515,-9.183800623053003,BB,300,-20.768707482993193,BB,300,-10.009216589861751,-39.96172469590795
Nasdaq Inc,A,505,-19.183800623053003,BB,310,-10.768707482993193,BB,300,-10.009216589861751,-39.96172469590795
Meta Platforms Inc,B,205,-25.835294117647067,B,232,-0.938931297709928,B,215,-13.666666666666657,-40.44089208202365
Abeona Therapeutics Inc,B,205,-25.835294117647067,BB,306,-14.768707482993193,BB,310,-0.00921658986175089,-40.61321819050201
FirstEnergy Corp,A,510,-14.183800623053003,BB,304,-16.768707482993193,BB,300,-10.009216589861751,-40.96172469590795
Harbor Custom Development Inc,B,222,-8.835294117647067,B,221,-11.938931297709928,B,208,-20.666666666666657,-41.44089208202365
ACE Convergence Acquisition Corp,B,225,-5.8352941176470665,B,211,-21.938931297709928,B,215,-13.666666666666657,-41.44089208202365
Acutus Medical Inc,B,205,-25.835294117647067,B,211,-21.938931297709928,B,235,6.333333333333343,-41.44089208202365
Happiness Development Group Ltd,B,225,-5.8352941176470665,B,207,-25.938931297709928,BB,300,-10.009216589861751,-41.783442005218745
Urban Outfitters Inc,BB,335,-11.144927536231876,BB,300,-20.768707482993193,BB,300,-10.009216589861751,-41.92285160908682
Mckesson Corp,A,500,-24.183800623053003,BB,303,-17.768707482993193,BB,310,-0.00921658986175089,-41.96172469590795
Citizens Financial Group Inc,B,230,-0.8352941176470665,B,215,-17.938931297709928,B,205,-23.666666666666657,-42.44089208202365
Parker-Hannifin Corp,BB,325,-21.144927536231876,BB,303,-17.768707482993193,B,225,-3.666666666666657,-42.580301685891726
Valero Energy Corp,AA,608,-49.0,BB,307,-13.768707482993193,BB,330,19.99078341013825,-42.777924072854944
Adicet Bio Inc,B,215,-15.835294117647067,B,211,-21.938931297709928,BB,305,-5.009216589861751,-42.783442005218745
Fortune Brands Home & Security Inc,A,510,-14.183800623053003,BB,302,-18.768707482993193,BB,300,-10.009216589861751,-42.96172469590795
Expeditors International of Washington Inc,A,510,-14.183800623053003,BB,302,-18.768707482993193,BB,300,-10.009216589861751,-42.96172469590795
Hyatt Hotels Corp,B,235,4.1647058823529335,B,209,-23.938931297709928,B,205,-23.666666666666657,-43.44089208202365
Akoya Biosciences Inc,A,512,-12.183800623053003,BB,303,-17.768707482993193,B,215,-13.666666666666657,-43.61917477271285
Fortinet Inc,A,500,-24.183800623053003,BB,306,-14.768707482993193,BB,305,-5.009216589861751,-43.96172469590795
Emerson Electric Co,AA,605,-52.0,BB,323,2.231292517006807,BB,315,4.990783410138249,-44.777924072854944
Plexus Corp,A,510,-14.183800623053003,BB,300,-20.768707482993193,BB,300,-10.009216589861751,-44.96172469590795
Albireo Pharma Inc,A,500,-24.183800623053003,BB,300,-20.768707482993193,BB,310,-0.00921658986175089,-44.96172469590795
Nielsen Holdings PLC,A,500,-24.183800623053003,BB,310,-10.768707482993193,BB,300,-10.009216589861751,-44.96172469590795
Hartford Financial Services Group Inc,A,500,-24.183800623053003,BB,305,-15.768707482993193,BB,305,-5.009216589861751,-44.96172469590795
Quest Diagnostics Inc,B,230,-0.8352941176470665,BB,300,-20.768707482993193,B,205,-23.666666666666657,-45.27066826730692
Ulta Beauty Inc,B,205,-25.835294117647067,B,242,9.061068702290072,B,200,-28.666666666666657,-45.44089208202365
Garmin Ltd,B,205,-25.835294117647067,B,242,9.061068702290072,B,200,-28.666666666666657,-45.44089208202365
Edoc Acquisition Corp,B,215,-15.835294117647067,BB,301,-19.768707482993193,BB,300,-10.009216589861751,-45.61321819050201
Corteva Inc,AA,610,-47.0,BB,312,-8.768707482993193,BB,320,9.990783410138249,-45.777924072854944
SiTime Corp,A,505,-19.183800623053003,BB,304,-16.768707482993193,BB,300,-10.009216589861751,-45.96172469590795
News Corp,A,509,-15.183800623053003,BB,300,-20.768707482993193,BB,300,-10.009216589861751,-45.96172469590795
State Street Corp,B,225,-5.8352941176470665,B,211,-21.938931297709928,B,210,-18.666666666666657,-46.44089208202365
Costamare Inc,B,242,11.164705882352933,B,204,-28.938931297709928,B,200,-28.666666666666657,-46.44089208202365
Rockwell Automation Inc,BB,308,-38.144927536231876,B,243,10.061068702290072,B,210,-18.666666666666657,-46.75052550060846
Cinemark Holdings Inc,BB,330,-16.144927536231876,BB,300,-20.768707482993193,BB,300,-10.009216589861751,-46.92285160908682
Clearside Biomedical Inc,B,215,-15.835294117647067,B,230,-2.938931297709928,B,200,-28.666666666666657,-47.44089208202365
Occidental Petroleum Corp,A,505,-19.183800623053003,BB,302,-18.768707482993193,BB,300,-10.009216589861751,-47.96172469590795
eBay Inc,A,500,-24.183800623053003,BB,302,-18.768707482993193,BB,305,-5.009216589861751,-47.96172469590795
Northrop Grumman Corp,A,505,-19.183800623053003,BB,302,-18.768707482993193,BB,300,-10.009216589861751,-47.96172469590795
Fastenal Co,B,230,-0.8352941176470665,BB,302,-18.768707482993193,B,200,-28.666666666666657,-48.27066826730692
Alset Ehome International Inc,A,520,-4.183800623053003,B,207,-25.938931297709928,B,210,-18.666666666666657,-48.78939858742959
VF Corp,A,505,-19.183800623053003,BB,301,-19.768707482993193,BB,300,-10.009216589861751,-48.96172469590795
Materialise NV,A,505,-19.183800623053003,BB,301,-19.768707482993193,BB,300,-10.009216589861751,-48.96172469590795
Addus Homecare Corp,B,210,-20.835294117647067,B,215,-17.938931297709928,B,218,-10.666666666666657,-49.44089208202365
Westinghouse Air Brake Technologies Corp,AA,607,-50.0,BB,311,-9.768707482993193,BB,320,9.990783410138249,-49.777924072854944
Procept Biorobotics Corp,B,200,-30.835294117647067,B,224,-8.938931297709928,BB,300,-10.009216589861751,-49.783442005218745
Rollins Inc,A,500,-24.183800623053003,BB,300,-20.768707482993193,BB,305,-5.009216589861751,-49.96172469590795
Yum China Holdings Inc,B,205,-25.835294117647067,B,217,-15.938931297709928,B,220,-8.666666666666657,-50.44089208202365
Aaon Inc,A,500,-24.183800623053003,BB,300,-20.768707482993193,B,223,-5.666666666666657,-50.61917477271285
HanesBrands Inc,BB,310,-36.144927536231876,B,223,-9.938931297709928,BB,305,-5.009216589861751,-51.093075423803555
Euro Tech Holdings Company Ltd,B,230,-0.8352941176470665,B,201,-31.938931297709928,B,210,-18.666666666666657,-51.44089208202365
Pilgrims Pride Corp,A,500,-24.183800623053003,BB,302,-18.768707482993193,B,220,-8.666666666666657,-51.61917477271285
PharmaCyte Biotech Inc,B,220,-10.835294117647067,B,202,-30.938931297709928,BB,300,-10.009216589861751,-51.783442005218745
Agilysys Inc,A,500,-24.183800623053003,BB,303,-17.768707482993193,BB,300,-10.009216589861751,-51.96172469590795
Packaging Corp of America,A,500,-24.183800623053003,BB,303,-17.768707482993193,BB,300,-10.009216589861751,-51.96172469590795
Gilead Sciences Inc,A,500,-24.183800623053003,BB,303,-17.768707482993193,BB,300,-10.009216589861751,-51.96172469590795
Aikido Pharma Inc,B,200,-30.835294117647067,B,235,2.061068702290072,B,205,-23.666666666666657,-52.44089208202365
MVB Financial Corp,B,210,-20.835294117647067,B,215,-17.938931297709928,B,215,-13.666666666666657,-52.44089208202365
US Gold Corp,BBB,400,-49.68888888888887,B,240,7.061068702290072,BB,300,-10.009216589861751,-52.63703677646055
Haynes International Inc,A,500,-24.183800623053003,BB,301,-19.768707482993193,BB,300,-10.009216589861751,-53.96172469590795
Whirlpool Corp,A,500,-24.183800623053003,BB,301,-19.768707482993193,BB,300,-10.009216589861751,-53.96172469590795
Western Union Co,B,205,-25.835294117647067,B,205,-27.938931297709928,B,228,-0.6666666666666572,-54.44089208202365
Howard Hughes Corp,A,500,-24.183800623053003,BB,300,-20.768707482993193,BB,300,-10.009216589861751,-54.96172469590795
Arch Capital Group Ltd,A,500,-24.183800623053003,BB,300,-20.768707482993193,BB,300,-10.009216589861751,-54.96172469590795
American Electric Power Company Inc,A,500,-24.183800623053003,BB,300,-20.768707482993193,BB,300,-10.009216589861751,-54.96172469590795
Advanced Energy Industries Inc,A,500,-24.183800623053003,BB,300,-20.768707482993193,BB,300,-10.009216589861751,-54.96172469590795
TransDigm Group Inc,A,500,-24.183800623053003,BB,300,-20.768707482993193,BB,300,-10.009216589861751,-54.96172469590795
Estee Lauder Companies Inc,A,500,-24.183800623053003,BB,300,-20.768707482993193,BB,300,-10.009216589861751,-54.96172469590795
Williams Companies Inc,A,500,-24.183800623053003,BB,300,-20.768707482993193,BB,300,-10.009216589861751,-54.96172469590795
Bank of New York Mellon Corp,A,500,-24.183800623053003,BB,300,-20.768707482993193,BB,300,-10.009216589861751,-54.96172469590795
Microchip Technology Inc,A,500,-24.183800623053003,BB,300,-20.768707482993193,BB,300,-10.009216589861751,-54.96172469590795
Cintas Corp,A,500,-24.183800623053003,BB,300,-20.768707482993193,BB,300,-10.009216589861751,-54.96172469590795
Cooper Companies Inc,A,500,-24.183800623053003,BB,300,-20.768707482993193,BB,300,-10.009216589861751,-54.96172469590795
Charter Communications Inc,A,500,-24.183800623053003,BB,300,-20.768707482993193,BB,300,-10.009216589861751,-54.96172469590795
O'Reilly Automotive Inc,A,500,-24.183800623053003,BB,300,-20.768707482993193,BB,300,-10.009216589861751,-54.96172469590795
Texas Instruments Inc,A,500,-24.183800623053003,BB,300,-20.768707482993193,BB,300,-10.009216589861751,-54.96172469590795
Leidos Holdings Inc,A,500,-24.183800623053003,BB,300,-20.768707482993193,BB,300,-10.009216589861751,-54.96172469590795
Moderna Inc,A,500,-24.183800623053003,BB,300,-20.768707482993193,BB,300,-10.009216589861751,-54.96172469590795
Alico Inc,A,500,-24.183800623053003,BB,300,-20.768707482993193,BB,300,-10.009216589861751,-54.96172469590795
Leggett & Platt Inc,A,500,-24.183800623053003,BB,300,-20.768707482993193,BB,300,-10.009216589861751,-54.96172469590795
Wells Fargo & Co,A,500,-24.183800623053003,BB,300,-20.768707482993193,BB,300,-10.009216589861751,-54.96172469590795
Zurn Elkay Water Solutions Corp,A,500,-24.183800623053003,BB,300,-20.768707482993193,BB,300,-10.009216589861751,-54.96172469590795
Vertex Pharmaceuticals Inc,A,500,-24.183800623053003,BB,300,-20.768707482993193,BB,300,-10.009216589861751,-54.96172469590795
Marsh & McLennan Companies Inc,A,500,-24.183800623053003,BB,300,-20.768707482993193,BB,300,-10.009216589861751,-54.96172469590795
Teledyne Technologies Inc,A,500,-24.183800623053003,BB,300,-20.768707482993193,BB,300,-10.009216589861751,-54.96172469590795
TJX Companies Inc,A,500,-24.183800623053003,BB,300,-20.768707482993193,BB,300,-10.009216589861751,-54.96172469590795
Pfizer Inc,A,500,-24.183800623053003,BB,300,-20.768707482993193,BB,300,-10.009216589861751,-54.96172469590795
Travelers Companies Inc,A,500,-24.183800623053003,BB,300,-20.768707482993193,BB,300,-10.009216589861751,-54.96172469590795
UnitedHealth Group Inc,A,500,-24.183800623053003,BB,300,-20.768707482993193,BB,300,-10.009216589861751,-54.96172469590795
McCormick & Company Inc,A,500,-24.183800623053003,BB,300,-20.768707482993193,BB,300,-10.009216589861751,-54.96172469590795
Realty Income Corp,A,500,-24.183800623053003,BB,300,-20.768707482993193,BB,300,-10.009216589861751,-54.96172469590795
Ventas Inc,A,500,-24.183800623053003,BB,300,-20.768707482993193,BB,300,-10.009216589861751,-54.96172469590795
Chevron Corp,B,210,-20.835294117647067,B,217,-15.938931297709928,B,210,-18.666666666666657,-55.44089208202365
ABVC Biopharma Inc,B,220,-10.835294117647067,B,212,-20.938931297709928,B,205,-23.666666666666657,-55.44089208202365
Brown & Brown Inc,BBB,405,-44.68888888888887,BB,320,-0.768707482993193,BB,300,-10.009216589861751,-55.46681296174381
F5 Inc,B,200,-30.835294117647067,B,221,-11.938931297709928,B,215,-13.666666666666657,-56.44089208202365
Fabrinet,A,510,-14.183800623053003,B,209,-23.938931297709928,B,210,-18.666666666666657,-56.78939858742959
Commercial Metals Co,B,223,-7.8352941176470665,B,212,-20.938931297709928,B,200,-28.666666666666657,-57.44089208202365
Sports Ventures Acquisition Corp,B,200,-30.835294117647067,B,205,-27.938931297709928,B,230,1.3333333333333428,-57.44089208202365
Cheetah Mobile Inc,B,205,-25.835294117647067,B,214,-18.938931297709928,B,215,-13.666666666666657,-58.44089208202365
CDW Corp,B,225,-5.8352941176470665,B,209,-23.938931297709928,B,200,-28.666666666666657,-58.44089208202365
AT&T Inc,B,210,-20.835294117647067,B,200,-32.93893129770993,BB,305,-5.009216589861751,-58.783442005218745
Hawaiian Holdings Inc,B,200,-30.835294117647067,BB,321,0.23129251700680697,B,200,-28.666666666666657,-59.27066826730692
HEICO Corp,B,225,-5.8352941176470665,B,203,-29.938931297709928,B,205,-23.666666666666657,-59.44089208202365
Akebia Therapeutics Inc,B,200,-30.835294117647067,B,218,-14.938931297709928,B,215,-13.666666666666657,-59.44089208202365
Home Bancorp Inc,B,230,-0.8352941176470665,B,202,-30.938931297709928,B,200,-28.666666666666657,-60.44089208202365
Freeport-McMoRan Inc,AA,608,-49.0,BB,313,-7.768707482993193,BB,305,-5.009216589861751,-61.777924072854944
Marriott International Inc,B,215,-15.835294117647067,B,200,-32.93893129770993,B,215,-13.666666666666657,-62.44089208202365
Praxis Precision Medicines Inc,B,200,-30.835294117647067,B,215,-17.938931297709928,B,215,-13.666666666666657,-62.44089208202365
Uxin Ltd,B,203,-27.835294117647067,B,202,-30.938931297709928,B,225,-3.666666666666657,-62.44089208202365
Patriot National Bancorp Inc,B,205,-25.835294117647067,BB,302,-18.768707482993193,B,210,-18.666666666666657,-63.27066826730692
United Airlines Holdings Inc,B,205,-25.835294117647067,B,203,-29.938931297709928,B,221,-7.666666666666657,-63.44089208202365
Xcel Energy Inc,B,223,-7.8352941176470665,B,201,-31.938931297709928,B,205,-23.666666666666657,-63.44089208202365
Aeglea Bio Therapeutics Inc,B,205,-25.835294117647067,B,223,-9.938931297709928,B,200,-28.666666666666657,-64.44089208202365
Watts Water Technologies Inc,BBB,420,-29.68888888888887,BB,303,-17.768707482993193,B,210,-18.666666666666657,-66.12426303854872
Dow Inc,B,225,-5.8352941176470665,B,201,-31.938931297709928,B,200,-28.666666666666657,-66.44089208202365
Wynn Resorts Ltd,B,225,-5.8352941176470665,B,201,-31.938931297709928,B,200,-28.666666666666657,-66.44089208202365
Fifth Third Bancorp,BB,313,-33.144927536231876,BB,300,-20.768707482993193,B,215,-13.666666666666657,-67.58030168589173
Advanced Emissions Solutions Inc,B,205,-25.835294117647067,B,201,-31.938931297709928,BB,300,-10.009216589861751,-67.78344200521875
Fleetcor Technologies Inc,BBB,410,-39.68888888888887,BB,302,-18.768707482993193,BB,300,-10.009216589861751,-68.46681296174381
Public Service Enterprise Group Inc,A,500,-24.183800623053003,BB,300,-20.768707482993193,B,205,-23.666666666666657,-68.61917477271285
Acri Capital Acquisition Corp,B,200,-30.835294117647067,B,205,-27.938931297709928,BB,300,-10.009216589861751,-68.78344200521875
Huntington Bancshares Inc,BB,308,-38.144927536231876,BB,300,-20.768707482993193,BB,300,-10.009216589861751,-68.92285160908682
Xpeng Inc,B,215,-15.835294117647067,B,208,-24.938931297709928,B,200,-28.666666666666657,-69.44089208202365
Senmiao Technology Ltd,B,220,-10.835294117647067,B,203,-29.938931297709928,B,200,-28.666666666666657,-69.44089208202365
Tyler Technologies Inc,BBB,400,-49.68888888888887,BB,306,-14.768707482993193,BB,305,-5.009216589861751,-69.46681296174381
Broadcom Inc,B,210,-20.835294117647067,B,212,-20.938931297709928,B,200,-28.666666666666657,-70.44089208202365
Adial Pharmaceuticals Inc,B,200,-30.835294117647067,B,203,-29.938931297709928,BB,300,-10.009216589861751,-70.78344200521875
Adobe Inc,B,200,-30.835294117647067,B,221,-11.938931297709928,B,200,-28.666666666666657,-71.44089208202365
Cannae Holdings Inc,B,215,-15.835294117647067,B,203,-29.938931297709928,B,203,-25.666666666666657,-71.44089208202365
Ever-Glory International Group Inc,B,200,-30.835294117647067,B,211,-21.938931297709928,B,210,-18.666666666666657,-71.44089208202365
Qualcomm Inc,BBB,409,-40.68888888888887,BB,300,-20.768707482993193,BB,300,-10.009216589861751,-71.46681296174381
CNFinance Holdings Ltd,B,200,-30.835294117647067,B,200,-32.93893129770993,B,220,-8.666666666666657,-72.44089208202365
X Financial,B,215,-15.835294117647067,B,205,-27.938931297709928,B,200,-28.666666666666657,-72.44089208202365
AGM Group Holdings Inc,B,205,-25.835294117647067,B,204,-28.938931297709928,B,210,-18.666666666666657,-73.44089208202365
Automatic Data Processing Inc,A,500,-24.183800623053003,BB,300,-20.768707482993193,B,200,-28.666666666666657,-73.61917477271285
MGM Resorts International,A,500,-24.183800623053003,BB,300,-20.768707482993193,B,200,-28.666666666666657,-73.61917477271285
Tractor Supply Co,A,500,-24.183800623053003,BB,300,-20.768707482993193,B,200,-28.666666666666657,-73.61917477271285
Textron Inc,A,500,-24.183800623053003,BB,300,-20.768707482993193,B,200,-28.666666666666657,-73.61917477271285
Oracle Corp,A,500,-24.183800623053003,BB,300,-20.768707482993193,B,200,-28.666666666666657,-73.61917477271285
Paychex Inc,A,500,-24.183800623053003,BB,300,-20.768707482993193,B,200,-28.666666666666657,-73.61917477271285
Crown Castle Inc,A,500,-24.183800623053003,BB,300,-20.768707482993193,B,200,-28.666666666666657,-73.61917477271285
Viatris Inc,A,500,-24.183800623053003,BB,300,-20.768707482993193,B,200,-28.666666666666657,-73.61917477271285
Lowe's Companies Inc,B,218,-12.835294117647067,B,200,-32.93893129770993,B,200,-28.666666666666657,-74.44089208202365
Utime Ltd,B,217,-13.835294117647067,B,200,-32.93893129770993,B,200,-28.666666666666657,-75.44089208202365
Minerva Surgical Inc,B,205,-25.835294117647067,B,201,-31.938931297709928,B,210,-18.666666666666657,-76.44089208202365
Airsculpt Technologies Inc,B,210,-20.835294117647067,B,201,-31.938931297709928,B,205,-23.666666666666657,-76.44089208202365
Henry Schein Inc,B,210,-20.835294117647067,B,205,-27.938931297709928,B,200,-28.666666666666657,-77.44089208202365
Playa Hotels & Resorts NV,B,210,-20.835294117647067,B,200,-32.93893129770993,B,205,-23.666666666666657,-77.44089208202365
Warrior Met Coal Inc,B,215,-15.835294117647067,B,200,-32.93893129770993,B,200,-28.666666666666657,-77.44089208202365
Gulf Resources Inc,BBB,408,-41.68888888888887,B,206,-26.938931297709928,BB,300,-10.009216589861751,-78.63703677646055
Domino's Pizza Inc,B,205,-25.835294117647067,B,205,-27.938931297709928,B,200,-28.666666666666657,-82.44089208202365
Yiren Digital Ltd,B,200,-30.835294117647067,B,205,-27.938931297709928,B,205,-23.666666666666657,-82.44089208202365
CBRE Group Inc,B,200,-30.835294117647067,B,209,-23.938931297709928,B,200,-28.666666666666657,-83.44089208202365
Advanced Micro Devices Inc,B,200,-30.835294117647067,B,208,-24.938931297709928,B,200,-28.666666666666657,-84.44089208202365
ATA Creativity Global,B,203,-27.835294117647067,B,200,-32.93893129770993,B,205,-23.666666666666657,-84.44089208202365
Affinity Bancshares Inc,B,200,-30.835294117647067,B,207,-25.938931297709928,B,200,-28.666666666666657,-85.44089208202365
Playstudios Inc,B,205,-25.835294117647067,B,202,-30.938931297709928,B,200,-28.666666666666657,-85.44089208202365
Acumen Pharmaceuticals Inc,B,205,-25.835294117647067,B,201,-31.938931297709928,B,200,-28.666666666666657,-86.44089208202365
Armada Acquisition Corp I,B,205,-25.835294117647067,B,200,-32.93893129770993,B,200,-28.666666666666657,-87.44089208202365
Aadi Bioscience Inc,B,200,-30.835294117647067,B,201,-31.938931297709928,B,203,-25.666666666666657,-88.44089208202365
Coca-Cola Co,B,200,-30.835294117647067,B,201,-31.938931297709928,B,200,-28.666666666666657,-91.44089208202365
Allied Esports Entertainment Inc,B,200,-30.835294117647067,B,200,-32.93893129770993,B,200,-28.666666666666657,-92.44089208202365
Granite Construction Inc,B,200,-30.835294117647067,B,200,-32.93893129770993,B,200,-28.666666666666657,-92.44089208202365
XL Fleet Corp,B,200,-30.835294117647067,B,200,-32.93893129770993,B,200,-28.666666666666657,-92.44089208202365
Corning Inc,B,200,-30.835294117647067,B,200,-32.93893129770993,B,200,-28.666666666666657,-92.44089208202365
AF Acquisition Corp,B,200,-30.835294117647067,B,200,-32.93893129770993,B,200,-28.666666666666657,-92.44089208202365
Polar Power Inc,B,200,-30.835294117647067,B,200,-32.93893129770993,B,200,-28.666666666666657,-92.44089208202365
Teleflex Inc,B,200,-30.835294117647067,B,200,-32.93893129770993,B,200,-28.666666666666657,-92.44089208202365
TE Connectivity Ltd,B,200,-30.835294117647067,B,200,-32.93893129770993,B,200,-28.666666666666657,-92.44089208202365
Zions Bancorporation NA,B,200,-30.835294117647067,B,200,-32.93893129770993,B,200,-28.666666666666657,-92.44089208202365
